:020000040800F2
:10000000580D0024AD02000877410008953900081A
:1000100075410008C5060008CD5600080000000024
:10002000000000000000000000000000595100081E
:100030005107000800000000794100085B510008EA
:10004000C7020008C7020008C7020008C70200086C
:10005000C7020008C7020008C7020008C70200085C
:10006000C7020008C7020008C7020008C70200084C
:10007000C7020008C7020008C7020008C70200083C
:10008000C7020008C7020008C7020008C70200082C
:10009000C7020008C7020008C7020008C70200081C
:1000A000C7020008C7020008C7020008C70200080C
:1000B000C7020008C7020008C7020008C7020008FC
:1000C000C7020008C7020008C7020008C7020008EC
:1000D000C7020008C7020008C7020008C7020008DC
:1000E000C7020008C702000800000000C70200089D
:1000F000C7020008C7020008C7020008C7020008BC
:10010000C7020008C7020008C7020008C7020008AB
:10011000C7020008C7020008C7020008C70200089B
:10012000C7020008C7020008C7020008C70200088B
:10013000C7020008C7020008C7020008C70200087B
:1001400000000000000000000000000000000000AF
:10015000C7020008C7020008C7020008C70200085B
:10016000C7020008C7020008C7020008C70200084B
:10017000C7020008C7020008C7020008C70200083B
:10018000C7020008C7020008C7020008C70200082B
:10019000C7020008C7020008C7020008C70200081B
:1001A000C7020008C7020008C7020008C70200080B
:1001B000C7020008C7020008C7020008C7020008FB
:1001C000C7020008C7020008C7020008C7020008EB
:1001D000C7020008C7020008C7020008C7020008DB
:1001E000C7020008C7020008C7020008C7020008CB
:1001F000C7020008C7020008C7020008C7020008BB
:10020000C7020008C7020008C7020008C7020008AA
:10021000C7020008C7020008C7020008C70200089A
:10022000C7020008C7020008C7020008000000005B
:10023000C7020008C702000800000000C70200084B
:10024000C7020008C7020008C7020008C70200086A
:10025000C7020008C7020008C7020008C70200085A
:10026000C7020008C7020008C7020008C70200084A
:10027000C7020008C7020008C7020008000000000B
:10028000C7020008C7020008C702000800000000FB
:1002900000000000C7020008DFF80CD000F05CF896
:1002A00000480047815D0008580D0024064880473B
:1002B00006480047FEE7FEE7FEE7FEE7FEE7FEE74B
:1002C000FEE7FEE7FEE7FEE7495200089902000854
:1002D000D2B201E000F8012B491EFBD27047002288
:1002E000F6E710B513460A4604461946FFF7F0FF35
:1002F000204610BD2DE9F05F0546002092469B4642
:1003000088460646814640241BE02846414647462B
:10031000224600F042F853465A46C01A914110D383
:1003200011461846224600F029F82D1A67EB0108FD
:100330004F4622460120002100F020F817EB00096B
:100340004E41201EA4F10104DFDC484631462A4616
:100350004346BDE8F09F0000064C074D06E0E0680C
:1003600040F0010394E8070098471034AC42F6D3FC
:10037000FFF796FF6812010888120108202A04DBA3
:10038000203A00FA02F1002070479140C2F12003A8
:1003900020FA03F3194390407047202A04DB203AE7
:1003A00021FA02F00021704721FA02F3D040C2F195
:1003B00020029140084319467047000070B53A4941
:1003C00005460068884202D0384A904202D1D1F8EE
:1003D000080302E03648D0F8080310F4403F11D07B
:1003E00002F02CFA04466868B0F5803F06D0B0F5FC
:1003F000003F03D0B0F5403F27D101E0000C18E0EA
:10040000A40822E000214FF4002001F09DFA0446E8
:1004100068688103890B18D181140C2915D2DFE893
:1004200001F0140606060606060B0D0F1113800CCC
:100430004000B4FBF0F408E0240906E0640904E09D
:10044000A40902E0E40900E0240A00F061FF41F29F
:100450000301884208D8174884422868816813D865
:1004600021F48071816070BD13496008884204D80E
:100470002868816821F44071F4E71049884206D861
:100480002868816821F4407141F48071EAE70C49E1
:1004900088422868816804D821F4407141F40071D1
:1004A000E0E741F44071DDE7002002400021024016
:1004B00000600258002D3101105E5F0020BCBE00BC
:1004C00040787D012DE9F04100250E460446006884
:1004D00003F0B6FC0746206803F0AAFC07435BD094
:1004E0002068C168890111D5617D01290ED1217D66
:1004F00001290BD12949012602E08D423DD26D1C14
:100500000268D2435206F8D440210160244D022EE5
:100510000FD0206803F094FC48B120688168C1F3D3
:10052000400121B98168294041F010018160012E0C
:100530000DD0206803F07CFC48B120688168C1F3CD
:10054000400121B98168294041F020018160022EDB
:1005500008D0032E04D0042500F0E0FE064617E084
:100560000C25F9E70825F7E700F0D8FE801B0528E1
:100570000ED92068806828420AD0606D40F01000D3
:100580006065A06D40F00100A0650120BDE8F0812C
:10059000206880682842E7D10020F7E700DC0C00E3
:1005A000C0FFFF7F70B5044600688168C1F3400555
:1005B00003F042FC48B345BB2068816801F00D019F
:1005C000012914D18168124A1140891C8160216877
:1005D0000320086000F0A2FE054612E000F09EFE37
:1005E000401B02280DD920688068C00709D0606DC3
:1005F00040F010006065A06D40F00100A065012092
:1006000070BD20688068C007E8D1002070BD000080
:10061000C0FFFF7F2DE9F0410446006803F00CFCA9
:1006200008BB20688168224A11422FD18168D643D5
:100630003140491C816000F071FE1E4B0546206868
:100640001D4F984201D0B84201D11C4900E01C491D
:100650008968B84201F01F0201D1194600E0014645
:1006600081421ED0EAB121E003F0E6FB20B9206808
:1006700081683140491C816000F050FE401B022817
:100680000FD920680068C043C0070AD0606D40F0F1
:1006900010006065A06D40F00100A0650120BDE87C
:1006A000F08120680168C943C907DDD10020F6E761
:1006B0003F00008000200240002102400023024051
:1006C00000630258FEE70000F0B51F4C206881036C
:1006D0004FF0000011D4BFF34F8FBFF36F8F1B4952
:1006E0000860BFF34F8FBFF36F8F216841F4003173
:1006F0002160BFF34F8FBFF36F8F2168C90322D4EE
:10070000114970310860BFF34F8F081F006843F62E
:10071000FF750E4E1036C0F34E31C0F3C90305EA23
:100720004112184642EA80773760401EFAD2491ECD
:10073000F5D2BFF34F8F206840F480302060BFF3C4
:100740004F8FBFF36F8FF0BD14ED00E050EF00E06E
:1007500070474FF4FA74204603F052FBFBE70000A9
:10076000F8B50025044616460F46009590F850004F
:1007700001280BD0012084F850002046FFF712FF1B
:100780000200606D04D040F010002DE00220F8BDA2
:1007900020F4885040F002006065206807F4803142
:1007A00006F0804319438368124E3340194341F0E9
:1007B00000418160104B20680EE00099491C0091B7
:1007C000994209D3606D20F0020040F0100060658E
:1007D000012084F85050F8BD8168C90FEDD1606DDB
:1007E00020F0020040F001006065104684F850508F
:1007F000F8BD0000C0FFFE3F00F8C3252DE9F84F0B
:1008000000270446DFF898930D460097BB4690F802
:100810005000E44EDFF890A3012808D04FF0010803
:1008200084F85080206803F00BFB18B167E10220C8
:10083000BDE8F88F2168CA692868030329D090FAB7
:10084000A0F0B0FA80F000F01F0308FA03F00243B2
:10085000CA61D5E9002120680C2303EA91131844EA
:10086000036B01F01F014FF01F0CC2F384620CFAFE
:1008700001FC8A4023EA0C0313430363206803F05E
:10088000DFFA0090206803F0D3FA0099014303D007
:100890007EE0C0F38460D6E7AA682968206803F088
:1008A000DBFAC2480168B8EB117F06D1686921689C
:1008B000C968C1F38201490008E02168C868C00620
:1008C0006869F5D5C96801F01001490888402969AF
:1008D00004292DD023682A6803EB81010B6E02F0F6
:1008E000F842024303F0004313430B66697E22681B
:1008F0002869012916D0002102EB8000026E22F047
:1009000000420A430266297E20682A6901290CD028
:100910000021036902F01F0223F4F04391400B43CE
:10092000036135E04FF00041E6E74FF40061F0E786
:100930002068016E2A7801F0F841B1EB826F03D193
:10094000016E21F0004101662068416E2A7801F0B5
:10095000F841B1EB826F03D1416E21F00041416655
:100960002068816E2A7801F0F841B1EB826F03D1E3
:10097000816E21F0004181662068C16E2A7801F005
:10098000F841B1EB826F03D1C16E21F00041C16625
:10099000206803F051FA002873D121682A7B286867
:1009A00051F8C03FC0F3130C23EA0C0302F0180CFB
:1009B0007F4A22FA0CF2024013430B60E968494572
:1009C00075D1286801031AD090FAA0F1B1FA81F12B
:1009D000491C01F01F0109294FEA003130D80029D4
:1009E00010D090FAA0F1B1FA81F101F1010101F00A
:1009F0001F0108FA01F208D1C0F3846109E0C0F3D5
:100A00008461E5E7C0F38461EFE790FAA0F1B1FA01
:100A100081F101F1010101F01F0142EA816102D17E
:100A2000C0F3846003E090FAA0F0B0FA80F000F127
:100A3000010000F01F0000EB400041EA005132E0ED
:100A400000290DD090FAA0F1B1FA81F101F1010174
:100A500001F01F0108FA01F205D1C0F3846106E03C
:100A6000C0F38461F2E790FAA0F1B1FA81F101F1EB
:100A7000010101F01F0142EA816103D1C0F38460EA
:100A800004E041E090FAA0F0B0FA80F0494A00F1A9
:100A9000010000F01F0000EB400002EB005041EAB3
:100AA000000141F00071AA68206803F0D5F92A68B6
:100AB000002A29DA404B2068404DDFF80491984223
:100AC00001D0B04201D1294600E0494689689842E8
:100AD00001F0E07101D0B0420AD1D3F808C0D6F8D5
:100AE0000880CCF3000CC8F300084CEA080C03E0C3
:100AF000DAF808C0CCF3000CBCF1000F08D0606D30
:100B000040F020006065012784F850B038468FE639
:100B1000DFF8B0C062451DD15FEA012C1AD4504500
:100B2000F2D1984202D0B04200D04D4641F40000CC
:100B3000A96821F0E0710143A960234823490068B6
:100B4000B0FBF1F04000801C00E0401E0090002847
:100B5000FBD1D9E7DFF878C062450CD15FEAC11C50
:100B600009D45045D0D1984202D0B04200D04D4671
:100B700041F080700EE0DFF85CC06245C4D14A02EB
:100B8000C2D45045C0D1984202D0B04200D04D46A8
:100B900041F48000A96821F0E0710143A960B3E746
:100BA0000000FF4700210240006002580010005C76
:100BB000FFFF0F00000020FE002002400023024043
:100BC00000630258000084CB24000024400D030081
:100BD000000052C70000B8CF0068006C70470000EA
:100BE000F8B54FF0000504002E46009502D0606D68
:100BF00010B107E00120F8BD204600F001F9A6651C
:100C000084F8506020688168C1F3407119B181682F
:100C10006E4A1140816020688168C1F3007181B91A
:100C200081686B4A114041F08051816069486A498E
:100C30000068B0FBF1F0401C00E0401E009000286E
:100C4000FBD120688168C1F3007141B9616D41F049
:100C500010016165A16D41F00101A165012503F05D
:100C6000EFF8616D01F010010143606D05D040F0B7
:100C70001000606501252846F8BD20F4807040F022
:100C800002006065206803F0D7F800BB534A206873
:100C9000534B904201D0984207D191689E68C1F3AE
:100CA0000001C6F30006314303E04E498968C1F3F1
:100CB000000161B9904201D0984201D14A4800E058
:100CC0004A486168826822F47C120A43826000F01C
:100CD0001FFB41F20301884202D9A06810280CD002
:100CE000A168206B227F0843617D490341EA0241EC
:100CF0000843D1B201290CD010E0617D227F206B26
:100D0000490340F0100041EA0241084340F00C0062
:100D1000EFE7218C364A02EB41410843616A29B171
:100D2000A26A01F47871014342EA01002168CA68AD
:100D3000304B1A400243CA60206803F081F806462F
:100D4000206803F075F806431DD1217DE06A40EA72
:100D500081312068C26844F203039A430A43C260A7
:100D600094F83800012816D02068016921F00101AB
:100D7000016120680169626B21F0704111430161DA
:100D80002046FFF71BFBE06801282068016B21F07B
:100D90000F0110D012E0D4E91010A28F164B0143BE
:100DA000A06C03EB02421043014320680269134B1D
:100DB0001A401143DCE7A269521E11430163606DC2
:100DC00020F0020040F00100606554E7C0FFFF5FC3
:100DD000C0FFFF7F24000024400D030000200240DC
:100DE00000210240006002580023024000630258C4
:100DF0000000FEFF03C0F0FF0100FFFF1EF800FC33
:100E000010B5B2B00446C0216846FFF768FA1B4926
:100E1000206888422FD100214FF40020CDE9000145
:100E20000A200A903C200B9002200C900D900E900E
:100E300040020F904010CDE91001C0012990684692
:100E400000F0F0FE08B1FFF784FC0D48016841F0A6
:100E500080710160016801F080713091016841F09A
:100E600004010160006800F0040030904FF08060E1
:100E7000014602F05FFB32B010BD00000060025876
:100E8000E04402582DE9F047DFF80C910446006871
:100E90000F464249424B4845DFF808A101D0504572
:100EA00001D10A4600E01A46926802F01F06226944
:100EB000082A14D0AEB1052E13D0092E11D0484502
:100EC00002D0504500D01946886800F4404058B11F
:100ED000606D40F0200060650120BDE8F0870825C6
:100EE00003E0C068C007F2E7042500F017FA804667
:100EF00015E0781C13D000F011FAA0EB0800B842FE
:100F000000D867B920680068284208D1606D40F0B9
:100F100004006065002084F850000320DDE72068AD
:100F200000682842E5D0606D40F40070606520687C
:100F300002F08AFF80B1607D70B920680068000708
:100F40000AD5606D20F480706065606DC00403D4C4
:100F5000606D40F0010060652068504501D1494650
:100F600000E00146814208D03EB1052E05D0092E91
:100F700003D0504503D1494602E0C16801E0014673
:100F8000C968082D05D0490401D40C210160002056
:100F9000A3E70821FAE700000020024000230240F6
:100FA00000630258002102402DE9F0413A4E044608
:100FB00000683A4FB04201D0B84201D1384900E050
:100FC0003849896801F01F0502F03AFF18B1022183
:100FD0000846BDE8F08194F8500001280CD00120AB
:100FE00084F850002046FFF715FB01004FF0000386
:100FF00004D084F85030EBE70220EAE7606D40F659
:101000000162904340F4807060652068B84201D16D
:10101000324600E00246824200D01DB9626D22F4E1
:1010200080126265626DD20404D5A26D22F00602C0
:10103000A26500E0A3651C22026084F8503020689D
:10104000B84201D1324600E00246824215D0A5B135
:10105000052D12D0092D10D0626D42F48012626508
:10106000B84200D00646F0688001B1D5606D20F42A
:10107000005040F480506065AAE7C268920105D52F
:10108000626D22F4005242F4805262658268064B1F
:101090001A40121D82609BE700200240002102409E
:1010A0000023024000630258C0FFFF7F10B50446D2
:1010B00090F85000012808D0012084F85000032146
:1010C0002046FFF7FFF910B10BE0022010BD2046CB
:1010D000FFF768FA28B9616D21F4885141F00101E8
:1010E0006165002184F8501010BD000070B5044601
:1010F00000F014F90546601C02D00448007804444E
:1011000000F00CF9401BA042FAD370BD1800002477
:101110002DE9F84F694C00224FF0B04A4FF0010B17
:101120004FF003084FF00F09C0E00BFA02F633400E
:1011300073D00D7905F00305012D01D0022D15D1D5
:101140008768550008FA05FC27EA0C07D1F80CC09F
:101150000CFA05FC4CEA070CC0F808C04568B5431A
:101160000E79C6F3001696402E4346600D79ED4386
:10117000AD0708D0C668550008FA05F7BE438F686A
:10118000AF403743C7600D7905F00305022D11D13B
:10119000D50800EB85073E6A5507ED0E09FA05FCF8
:1011A00026EA0C06D1F810C00CFA05FC4CEA060C35
:1011B000C7F820C00668550008FA05F7BE430F7946
:1011C00007F00307AF40374307604D6815F4403F11
:1011D0006BD03B4D2E6846F002062E602D6822F043
:1011E000030606F1B04605F002050095D6F808742E
:1011F00095074FEA157C09FA0CF5AF43314DA8422B
:1012000001D100252EE0304DA84201D1012529E071
:101210002E4DA84202D1022524E046E02C4DA842E2
:1012200001D103251EE02B4DA84201D1042519E070
:10123000294DA84201D1052514E0284DA84201D12D
:1012400006250FE0264DA84201D107250AE0254DCD
:10125000A84201D1082505E0234DA84201D1092566
:1012600000E00A2505FA0CF53D43C6F80854DAF803
:10127000005056464F689D43FF0200D51D43356020
:1012800075684F689D43BF0200D51D437560656852
:101290004E689D43B60300D51D43656025684E68C2
:1012A0009D43F60300D51D432560521C0B6833FA9D
:1012B00002F57FF43AAFBDE8F88F000080000058D7
:1012C000F444025800000258000402580008025872
:1012D000000C02580010025800140258001802585E
:1012E000001C0258002002580024025800690840DF
:1012F00000D0012070470AB1816170470904FBE703
:1013000002480068C0F30B00704700000010005C4A
:1013100001480068000C70470010005C01488068BC
:1013200070470000180000240248816802781144C8
:101330008160704718000024032010B500F0D0F839
:1013400001F0B0FA0F4A11681268C1F303230E4985
:10135000CB5C03F01F03D84002F00F02895C0B4AFC
:1013600001F01F0120FA01F1116009490860002015
:1013700000F010F808B1012010BD00F075F8002051
:1013800010BD000018440258B05F00082800002477
:101390002400002470B50D4D04462A78A2B14FF404
:1013A0007A700B49B0FBF2F00968B1FBF0F002F083
:1013B000DBF848B9102C07D200222146501E00F05D
:1013C0006FF800206C6070BD012070BD1800002413
:1013D00024000024134A41781160111D03780A1D6E
:1013E000E3B143680B60017BC37A090741EA0361FB
:1013F000837A41EAC341437B41EA8341837B41EAEB
:101400004341C37B41EA0341437A41EA0321037A22
:10141000007841EA430101431160704700200860F1
:101420001060704798ED00E0BFF35F8F04480168DB
:1014300021F480310160024900207031086070475A
:1014400024ED00E0074940F00100086005487038CD
:10145000016841F480310160BFF34F8FBFF36F8F9C
:101460007047000094ED00E00C4808B5016841F0B9
:1014700002010160016801F002010091016841F47C
:1014800000410160006800F40040009002F05AF84A
:10149000BDE80840022002F05DB80000F4440258A4
:1014A0000E4BF0B41B68C3F30223C3F10704042CF2
:1014B00000D904241D1D072D01D2002300E0DB1EEE
:1014C000012606FA04F56D1E0D409D409E40761ED5
:1014D000164045EA0601F0BC04F00EB90CED00E040
:1014E000064A00F0070110684FF6FF03184040EA73
:1014F0000120034908431060704700000CED00E034
:101500000000FA05124970B50A68D243520705D5A2
:10151000096801F00701814212D117E00A6822F040
:10152000070202430A60FFF7F9FE094D4FF47A768D
:101530000446083D06E0FFF7F1FE001BB04201D96A
:10154000012070BD2868C0438004F4D4002070BD21
:101550000C48025810B501F071F905490968054AAF
:10156000C1F30211515C01F01F01C84010BD000021
:1015700020440258B05F00084F4910B50A68096856
:1015800002F003024C4B1B1DC1F305111B684A4CB2
:1015900003F001030C3424680029C4F3CC0414FBC9
:1015A00003F300EE103AB8EE400A7FD09FED431AE5
:1015B0009FED432A404BF7EE000A083322B1012A7F
:1015C00066D0022A22D16AE03B4A283A1468A4066F
:1015D0001CD51268C2F3C1043A4AE24001EE902AD7
:1015E000F8EE612A01EE901AF8EE611A196882EE9F
:1015F000A12AC1F3080101EE901AF8EE611A40EE3B
:10160000011A31EEA00A22EE000A12E001EE901A51
:101610001968F8EE611AC2EE212AC1F3080101EE41
:10162000901AF8EE611A40EE011A31EEA00A22EE8D
:10163000800A1968C1F3462101EE101AB8EE411A6A
:1016400031EE201AC0EE011ABCEEE11A80ED001A4C
:101650001968C1F3064101EE101AB8EE411A31EED5
:10166000201AC0EE011ABCEEE11A80ED011A1968C9
:10167000C1F3066101EE101AB8EE411A71EE200AAC
:1016800080EE201ABCEEC10A80ED020A10BD0DE00A
:1016900001EE901ADFED0C2AF8EE611AA6E701EED2
:1016A000901ADFED0A2AF8EE611A9FE70021016027
:1016B00041608160EAE700002844025800000039D8
:1016C0000024744C0090D0030024744A20BCBE4B0C
:1016D000484910B50A68096802F00302454B1B1D12
:1016E000C1F305311B68434C1434C3F30013246861
:1016F000C4F3CC0414FB03F300EE103AB8EE400A36
:10170000E9B33C4B9FED3C1A1033F7EE000A62B18F
:10171000DFED3A1A012A01D0022A5ED002EE101A39
:10172000F8EE422A81EEA22A1AE0324A283A1468D8
:10173000A4060DD51268C2F3C104314AE24001EE9D
:10174000902AF8EE612A01EE901AF8EE611A05E08F
:1017500001EE901ADFED2B2AF8EE611A82EEA12A33
:101760001968C1F3080101EE901A1968F8EE611AC0
:1017700040EE011A31EEA00A22EE000A00E033E04A
:10178000C1F3462101EE101AB8EE411A31EE201ACB
:10179000C0EE011ABCEEE11A80ED001A1968C1F31F
:1017A000064101EE101AB8EE411A31EE201AC0EED1
:1017B000011ABCEEE11A80ED011A1968C1F3066145
:1017C00001EE101AB8EE411A71EE200A80EE201ACE
:1017D000BCEEC10A80ED020A10BD01EE901ADFEDE9
:1017E0000A2AF8EE611AB9E70021016041608160C0
:1017F00010BD000028440258000000390024744A3B
:101800000090D0030024744C20BCBE4B484910B556
:101810000A68096802F00302454B1B1DC1F305511C
:101820001B68434C1C34C3F300232468C4F3CC046A
:1018300014FB03F300EE103AB8EE400AE9B33C4B58
:101840009FED3C1A1833F7EE000A62B1DFED3A1A49
:10185000012A01D0022A5ED002EE101AF8EE422AC6
:1018600081EEA22A1AE0324A283A1468A4060DD55D
:101870001268C2F3C104314AE24001EE902AF8EE48
:10188000612A01EE901AF8EE611A05E001EE901A55
:10189000DFED2B2AF8EE611A82EEA12A1968C1F356
:1018A000080101EE901A1968F8EE611A40EE011A6B
:1018B00031EEA00A22EE000A00E033E0C1F3462137
:1018C00001EE101AB8EE411A31EE201AC0EE011ADC
:1018D000BCEEE11A80ED001A1968C1F3064101EE71
:1018E000101AB8EE411A31EE201AC0EE011ABCEE01
:1018F000E11A80ED011A1968C1F3066101EE101AB0
:10190000B8EE411A71EE200A80EE201ABCEEC10A30
:1019100080ED020A10BD01EE901ADFED0A2AF8EE02
:10192000611AB9E7002101604160816010BD0000CB
:1019300028440258000000390024744A0090D00363
:101940000024744C20BCBE4B2DE9F04FB24C80F407
:101950008078B04A89B0DFF8BCA24FF080572511DB
:10196000AE4BDFF8BC92503A58EA0108AAF10406DF
:101970004FF0005C33D080F4007858EA01085DD065
:10198000DFF890B280F4806858EA01080BF1080B88
:1019900066D080F4006858EA010878D080F4805856
:1019A00058EA01086BD080F4005858EA01084FF457
:1019B00080394FF4003E77D080F4002858EA0108BF
:1019C00073D080F4803858EA01086FD080F48046E4
:1019D0000E436CD080F40040084369D02AE0DAF866
:1019E000000000F00700052824D2DFE800F08FB9DE
:1019F0007D25AE0006A8FFF7BFFD079809B0BDE83A
:101A0000F08F6846FFF764FE0098F7E703A8FFF73A
:101A1000FDFE0398F2E71068C0F3C10024FA00F05D
:101A2000ECE71168C90572D5B84270D12846E5E7E0
:101A30001846E3E70020E1E74846DFE7DAF8000070
:101A400000F4E07080284FD004DC00285ED04028ED
:101A5000F0D185E0C028EFD0B0F5807FEAD174E006
:101A6000DBF8000000F46000B0F5800F3CD007DC2C
:101A700000284BD0B0F5001FDCD171E007E01FE07B
:101A8000B0F5C00FD8D0B0F5000FD3D15DE0DBF8D2
:101A9000000000F0E060B0F1007F25D009DCA8B3C1
:101AA000B0F1807FC6D15BE022E045E06AE077E0FC
:101AB0009AE0B0F1407FBFD0B0F1806FBAD144E07E
:101AC000DAF8000000F4E040B0F5005F0CD004DC70
:101AD000E0B1B0F5805FADD142E0B0F5405FABD092
:101AE000B0F5804FA6D130E010688000A2D58DE718
:101AF000DAF8000000F4E020B0F5403F6BD007DCDE
:101B000068B1484579D0704594D156E07DE033E026
:101B1000B0F5802F63D0B0F5A02F8BD171E000F02D
:101B2000AFFE6BE76846FFF7D3FD019866E703A8B1
:101B3000FFF76CFE049861E7DBF8000010F440301A
:101B40000ED0484510D0704588D13068116800F03B
:101B5000405049077FF565AF00287FF462AF5AE730
:101B600010680001C2D54CE710688000BED503A8FC
:101B7000FFF74CFE059841E711688903B6D560452B
:101B800090D155E7306810F480303ED0484589D177
:101B900010680001AAD56846FFF79AFD02982DE764
:101BA000DBF8000000F0E040B0F1405F13D008DC4B
:101BB00070B1B84221D060458DD110688000B6D494
:101BC00038E7B0F1804F0AD0B0F1A04FF8D118E05B
:101BD000FFF7C0FC12E710684007F1D51BE710685B
:101BE000C005EDD522E708E0DAF8000010F040501B
:101BF00007D0B84209D06045E2D11068000191D405
:101C000018E710688003DBD512E710688001D7D58C
:101C1000F0E60000504402580090D00340787D0167
:101C20000080BB002DE9FC5F044600680025FA4FE8
:101C3000C043DFF8E8832E46010104F1080001905B
:101C400004F1280000901DD4A06E50B1B0F5801FA3
:101C50000CD0B0F5001F0ED0B0F5401F1ED00125EE
:101C60000FE0386840F40030386017E00198022136
:101C700002F084FA03E00098022102F009FB05005B
:101C80000CD02E462088C043C00523D4A06D052863
:101C90001ED2DFE800F00C11161B1B00D8F8001054
:101CA000A26E21F440111143C8F80010EAE7386829
:101CB00040F40030386009E00198002102F05EFA3B
:101CC00003E00098002102F0E3FA054675B100E058
:101CD00001252E462088C043800528D4E06D802849
:101CE0001ED00CDC90B140280ED114E0D8F80010C2
:101CF000A26D21F007011143C8F80010EAE7C028DF
:101D000013D0B0F5807F10D001250FE0386840F483
:101D10000030386009E00198002102F02FFA03E05A
:101D20000098002102F0B4FA05468DB12E462088B5
:101D3000DFF8EC92C04340052CD4D4F8A800B0F5ED
:101D4000800F20D00DDCA0B1B0F5001F0FD115E041
:101D5000D8F80010E26D21F4E0711143C8F80010CA
:101D6000E5E7B0F5C00F13D0B0F5000F10D0012596
:101D70000FE0386840F40030386009E00198002135
:101D800002F0FCF903E00098002102F081FA054618
:101D90007DB12E462088C04300052DD4D4F8AC0078
:101DA000B0F1007F21D00EDCA8B1B0F1807F10D15E
:101DB00016E0D9F80010D4F8A82021F460011143EE
:101DC000C9F80010E6E7B0F1407F13D0B0F1806FA2
:101DD00010D001250FE0386840F40030386009E089
:101DE0000198002102F0CAF903E00098002102F0F6
:101DF0004FFA054675B12E462068C04380011FD4B6
:101E0000E06CD8B110280FD0202812D0302815D07F
:101E1000012514E0D9F80010D4F8AC2021F0E061DD
:101E20001143C9F80010E7E7386840F40030386023
:101E300004E00198022102F0A1F9054675B12E4691
:101E40002088C043C0042BD4206EB0F5005F20D0A2
:101E50000DDCA0B1B0F5805F0FD115E06F48001F19
:101E60000168E26C21F0300111430160E8E7B0F550
:101E7000405F13D0B0F5804F10D001250FE03868D7
:101E800040F40030386009E00198002102F076F952
:101E900003E00098002102F0FBF905468DB12E46C3
:101EA0002088C043800429D4606EB0F5403F23D021
:101EB00010DC08B3B0F5803F14D0B0F5003F0FD16F
:101EC00015E0D8F80010226E21F4E0411143C8F863
:101ED0000010E5E7B0F5802F0ED0B0F5A02F0BD0A5
:101EE00001250AE00198012102F048F903E0009879
:101EF000012102F0CDF9054695B12E462088C04358
:101F000040042AD4D4F8B000B0F1405F23D010DCF4
:101F100008B3B0F1805F14D0B0F1005F0FD115E0CD
:101F2000D8F80010626E21F4E0211143C8F80010C7
:101F3000E4E7B0F1804F0ED0B0F1A04F0BD00125F7
:101F40000AE00198012102F019F903E0009801214B
:101F500002F09EF9054675B12E462088C043000464
:101F60001FD4206FD8B1B0F1805F0ED0B0F1005F08
:101F700010D0012514E0D9F80010D4F8B02021F0D9
:101F8000E0411143C9F80010E7E7386840F4003039
:101F9000386004E00198012102F0F0F8054675B1BF
:101FA0002E462068C043C0011ED4A06CD0B10128C9
:101FB0000ED0022811D0032814D0012513E0D8F840
:101FC0000010226F21F040511143C8F80010E8E7DB
:101FD000386840F40030386004E00198022102F0D3
:101FE000CDF805467DB12E462068DFF838B0C043F5
:101FF000400256D40C48016841F480710160FFF73B
:102000008DF9824618E00548001F0168A26C21F096
:10201000030111430160E7E72C4402585044025881
:10202000584402581044025800480258FFF776F905
:10203000A0EB0A0064282CD8FE480068C005F5D53E
:1020400045BBFD480068B4F8B41000F4407001F4DA
:10205000407188420CD0F8480168026821F4407150
:1020600042F480320260026822F480320260016031
:10207000D4F8B400B0F5807F1AD1FFF74FF982464B
:1020800009E0FFF74BF9A0EB0A0141F288308142E9
:1020900001D9032504E0E84800688007F1D53DB187
:1020A0002E462078DFF894A3C043C00720D03BE041
:1020B000D4F8B400C0F3012103290ED0DBF80010DE
:1020C00021F47C51CBF80010DB480168B4F8B4204F
:1020D000C2F30B0211430160E3E7DBF80020D84BA9
:1020E00022F47C5203EA10100243CBF80020EBE705
:1020F000E06F182816D005DCA0B1082808D01028F9
:1021000004D10AE020280DD028280BD001250AE0B0
:102110000198012102F032F803E00098012102F059
:10212000B7F8054665B12E462078C04380071ED417
:10213000A06F062819D2DFE800F0160C111616164B
:10214000DAF80010E26F21F038011143CAF80010EC
:10215000EAE70198012102F011F803E0009801215B
:1021600002F096F805467DB100E001252E46207864
:10217000C04340071FD4D4F89400062819D2DFE8E2
:1021800000F0160C11161616DAF80010A26F21F0E6
:1021900007011143CAF80010E9E70198012101F095
:1021A000EDFF03E00098012102F072F80546A5B1A9
:1021B00000E001252E462078C04380062BD4D4F8B9
:1021C0009000B0F1405F24D011DC10B3B0F1805F1B
:1021D00015D0B0F1005F10D116E0D9F80010D4F896
:1021E000942021F007011143C9F80010E3E7B0F192
:1021F000804F0ED0B0F1A04F0BD001250AE001981E
:10220000002101F0BBFF03E00098022102F040F83A
:10221000054695B12E462078C04340062BD4D4F80D
:102220009C00B0F5406F24D011DC10B3B0F5806F86
:1022300015D0B0F5006F10D116E0DAF80010D4F820
:10224000902021F0E0411143CAF80010E3E7B0F517
:10225000805F0ED0B0F5A05F0BD001250AE0019899
:10226000002101F08BFF03E00098022102F010F83A
:10227000054695B12E462078C04300062BD4D4F8ED
:10228000A000B0F5C04F24D011DC10B3B0F5005F52
:1022900015D0B0F5804F10D116E0D9F80010D4F861
:1022A0009C2021F4E0511143C9F80010E3E7B0F598
:1022B000004F0ED0B0F5204F0BD001250AE0019859
:1022C000002101F05BFF03E00098022101F0E0FF34
:1022D000054655B12E462078C04300071ED4D4F8D9
:1022E0008400B0F5805F0AD00FE0D9F80010D4F870
:1022F000A02021F460411143C9F80010EBE70098D9
:10230000022101F0C5FF00B10126DAF80010D4F86F
:10231000842021F440511143CAF800102078C043B2
:10232000C00613D4D4F89800B0F5807F05D100988A
:10233000022101F0ADFF00B10126D9F80010D4F858
:10234000982021F440711143C9F800102068C0435F
:10235000000316D4D4F8A40038B1B0F5803F09D0FA
:10236000B0F5003F0BD001250AE00198002101F0F3
:1023700005FF03E00098022101F08AFF05468DB1B8
:102380002E462068C043400322D4D4F88800B0F51C
:10239000801F11D0B0F5001F13D0B0F5401F15D02D
:1023A000012514E0D9F80010D4F8A42021F440311C
:1023B0001143C9F80010E4E7386840F40030386091
:1023C00004E00098012101F063FF05465DB12E464F
:1023D0002068C043C0031CD4206D70B1B0F5803FAD
:1023E00010D0012514E0DAF80010D4F8882021F488
:1023F00040111143CAF80010EAE7386840F4003091
:10240000386004E00198022101F0B8FE05462DB3C2
:102410002E462068C043800005D40098022101F0B8
:1024200037FF00B101262068C043800324D4D4F8CC
:10243000800007E000480258704402585444025893
:10244000CFFFFF00B0B1B0F5807F0FD0B0F5007FB7
:1024500010D0B0F5407F0DD001250CE05A4801683E
:10246000226D21F4803111430160D2E7386840F4D5
:1024700000303860F5B32E462068C043C00207D450
:10248000D8F80010626F21F000411143C8F8001025
:102490002068C043C00008D4DBF80010D4F8B8208E
:1024A00021F480411143CBF800102068C043800222
:1024B00007D4D8F80010E26E21F080711143C8F8FB
:1024C00000102068C04340000CD4DBF8001021F459
:1024D0000041CBF80010DBF80010D4F8BC20114309
:1024E000CBF800102068C04308D43748016821F0B9
:1024F000405100E017E0626D114301602068C04365
:10250000000208D4DAF80010D4F88C2021F440013D
:102510001143CAF8001020790025C04300F00100E3
:1025200028430AD00FE0DAF80010D4F8802021F414
:1025300040711143CAF800109EE70198002101F094
:102540001DFE00B106462079C04300F0020028437A
:1025500005D10198012101F011FE00B10646207954
:10256000C04300F00400284305D10198022101F086
:1025700005FE00B106462079C04300F0080028435C
:1025800005D10098002101F083FE00B106462079B4
:10259000C04300F01000284305D10098012101F04C
:1025A00077FE00B106462079C04300F020000543C5
:1025B00004D10098022101F06BFE00B916B1012090
:1025C000BDE8FC9F0020FBE74C4402582DE9F05F7A
:1025D00004000D467ED0DFF84492D9F8000000F0E8
:1025E0000F00A8420CD2D9F8001021F00F012943A6
:1025F000C9F80010D9F8000000F00F00A84269D116
:102600002078874E40070AD52069316801F07001B3
:10261000884204D9316821F070010143316020788B
:10262000DFF8008200070CD560694146D8F8002029
:1026300002F07002904204D90A6822F0700202434C
:102640000A602078C0060CD5A0694146D8F8002061
:1026500002F4E062904204D90A6822F4E062024384
:102660000A602078DFF8C0B180060CD5E0695946D1
:10267000DBF8002002F07002904204D90A6822F0D0
:10268000700202430A60207880070AD5E06831684A
:1026900001F00F01884204D9316821F00F01014394
:1026A00031602078C0073DD03068A16820F47060A8
:1026B000084330605A4960681839022818D0032846
:1026C00019D00968012819D04907002949DADFF82B
:1026D00050A100E045E0AAF1080ADAF8001021F064
:1026E00007010143CAF80010FEF718FE074611E083
:1026F00009688903E9E709688901E6E7C905E4E7AC
:10270000FEF70CFEC11B41F28830814202D9032042
:10271000BDE8F09FDAF80000616800F03800B0EB27
:10272000C10FEDD1207880070AD5E068316801F04B
:102730000F01884204D2316821F00F01014331605A
:10274000D9F80010484601F00F01A9420BD90168E1
:1027500021F00F0129430160006800F00F00A8423A
:1027600001D00120D4E7207840070AD520693168DC
:1027700001F07001884204D2316821F070010143F8
:102780003160207800070CD560694146D8F80020F8
:1027900002F07002904204D20A6822F070020243F2
:1027A0000A602078C0060CD5A0694246D8F800100F
:1027B00001F4E061884204D2116821F4E061014330
:1027C0001160207880060CD5E0695946DBF80020BE
:1027D00002F07002904204D20A6822F070020243B2
:1027E0000A6000F05FF83168C1F303220F498A5C88
:1027F00002F01F02D040326802F00F02895C0C4ADE
:1028000001F01F0120FA01F111600A4908600A482D
:102810000068BDE8F05FFEF7BDBD0000002000527B
:10282000184402581C44025820440258B05F000863
:1028300028000024240000241C00002400B500F01F
:1028400031F80B4A11681268C1F303230949CB5CC4
:1028500003F01F03D84002F00F02895C064A01F022
:102860001F0120FA01F11160044A1060084600BD02
:1028700018440258B05F00082800002424000024F7
:1028800000B5FFF7DBFF05490968054AC1F30211EE
:10289000515C01F01F01C84000BD00001C440258FB
:1028A000B05F0008434830B50068444C10F0380170
:1028B000414808D00211082903D010290BD018294B
:1028C0000BD0104630BD21688906FBD52168C1F3C5
:1028D000C101C84030BD3A4830BD364918310A6898
:1028E000096802F00302334B1C33C1F305111B6866
:1028F000304D03F0010324352D68C5F3CC0515FBDD
:1029000003F300EE103AB8EE400AE9B3294BDFEDCD
:102910002D0A2033B7EE001A62B1DFED2B1A012A1F
:1029200001D0022A3CD002EE101AF8EE422A81EEC3
:10293000A22A17E0226892060CD52268C2F3C102CF
:10294000D04001EE900AF8EE612A01EE901AF8EEFE
:10295000611A05E001EE901ADFED1C2AF8EE611A0B
:1029600082EEA12A1868C0F3080001EE900A1868E8
:10297000F8EE611A40EE201A31EE810A22EE000ACA
:10298000C0F34620401C00E011E000EE900AF8EE93
:10299000600A80EE201ABCEEC10A10EE100A30BDAB
:1029A00001EE901ADFED0A2AF8EE611AD8E700204E
:1029B00030BD0000104402580090D003004402587B
:1029C00040787D01000000390024744A0024744CD2
:1029D00020BCBE4B2DE9F05F040079D02078DFF8F1
:1029E000F8A3FE4EFE4DC00747D0DAF8000031686C
:1029F00000F03800102815D0182803D101F003008A
:102A000002280FD06068B0F5803F12D010B1B0F549
:102A1000A02F18D0286820F480302860286820F47F
:102A2000802009E02868800327D560680028D4D07A
:102A300023E0286840F480302860606888B1FEF7A1
:102A40006DFC074609E0286840F480202860F0E724
:102A5000FEF764FCC01B642872D828688003F7D591
:102A60000BE0FEF75BFC074604E0FEF757FCC01BDB
:102A70006428F1D828688003F7D4207841F203094C
:102A8000D84F800766D5DAF80000316810F03800BA
:102A90000ED0182801D188070AD0E06880B32968D1
:102AA00021F0190101432960FEF738FC80462EE031
:102AB0002868400702D5E06800288ED02868E168C1
:102AC00020F0190008432860FEF728FC804606E045
:102AD000D8E0FEF723FCA0EB08000228BCD8286849
:102AE0004007F6D5FEF714FC48451AD8206940285F
:102AF00011D0396821F47C3141EA0030386029E096
:102B000016E0FEF70BFCA0EB08000228A4D828680A
:102B10004007F6D5E6E7386820F47C3040F4003012
:102B2000ECE73868217C20F0FE4040EA0160E5E7F0
:102B3000286820F001002860FEF7F0FB804606E0E0
:102B400000E1FEF7EBFBA0EB0800022884D8286820
:102B50004007F6D42078C0065AD5DAF8000031686C
:102B600000F03800DFF870B20828ABF1040B10D089
:102B7000182803D101F0030001280AD0E0690028D9
:102B8000286836D040F080002860FEF7C7FB8046FA
:102B900021E02868C00521D5E069802872D11DE0B8
:102BA000206A20281FD0396821F0F84141EA80606E
:102BB00038602DE0DBF8001094F8202021F07C51E3
:102BC00041EA0261CBF8001022E0FEF7A7FBA0EB80
:102BD000080002289AD82868C005F6D5FEF798FBA9
:102BE0004845E7D8DCE7386820F0F84040F08040FE
:102BF000DEE720F080002860FEF790FB074604E047
:102C0000FEF78CFBC01B0228A0D82868C005F7D4AB
:102C10002078000728D5714960694C310028884622
:102C20000846096810D041F001010160FEF776FB0B
:102C3000074604E0FEF772FBC01B022886D8D8F8CE
:102C400000008007F6D50FE021F001010160FEF7DA
:102C500065FB074604E0FEF761FBC01B022871D844
:102C6000D8F800008007F6D42078800623D5A06924
:102C70000028286810D040F480502860FEF74EFBF2
:102C8000074605E038E1FEF749FBC01B022859D88A
:102C900028688004F7D50EE020F480502860FEF705
:102CA0003DFB074604E0FEF739FBC01B022849D86C
:102CB00028688004F7D4207840074DD5DFF82881B4
:102CC000D8F8001041F48071C8F80010FEF726FB18
:102CD000074604E0FEF722FBC01B642832D8D8F870
:102CE0000000C005F6D53D4FA068483701280AD03E
:102CF00008B1052813D0386820F001003860386822
:102D000020F0040002E0386840F001003860A0685C
:102D100041F2883990B1FEF701FB80460AE038683D
:102D200040F004003860EEE7FEF7F8FAA0EB080187
:102D3000494507D838688007F6D50DE0FEF7EEFA6A
:102D4000804606E083E0FEF7E9FAA0EB080149457A
:102D50007DD838688007F6D4616AD9B3DAF8000004
:102D60004FF6F87BDFF8748008F10808C0F3C20062
:102D7000032808F10409A8F1040A69D02868022987
:102D800020F08070286003D0FEF7C8FA044688E07F
:102D9000FEF7C4FA074604E0FEF7C0FAC01B02289B
:102DA0007CD828688001F7D4306840F2F33188433A
:102DB000E16A40EA0110A16A0843306094F83400E7
:102DC000218E4002491EA0F5007080B2C1F30801B7
:102DD00008430BE0B3E000001044025828440258B6
:102DE000004402580444025800480258218F4FF40E
:102DF000FE02491E02EA0141084394F83C10120207
:102E0000491E02EA01610843C8F80000DAF8001020
:102E1000504621F00101CAF80010D9F80020A36C37
:102E200022EA0B0242EAC302C9F80020DAF80010D5
:102E3000226C21F00C011143CAF80010DAF80010DE
:102E4000626C21F0020111430160016801E025E09C
:102E50002BE041F480310160016841F400310160F0
:102E6000016841F480210160016841F001010160C5
:102E7000286840F080702860FEF750FA044604E0AD
:102E8000FEF74CFA001B022808D828688001F7D505
:102E900055E0FEF743FA001B022802D90320BDE8E3
:102EA000F09F28688001F4D449E03268D8F8000027
:102EB000012921D0A36A02F0030199421CD1E16AE1
:102EC000C2F30512914217D1216BC0F30802491ECB
:102ED0008A4211D1616BC0F34622491E91420BD147
:102EE000A16BC0F30642491E914205D1E16BC0F3CC
:102EF0000660491E814201D00120D0E7D9F80000C8
:102F00004F46A16CC0F3CC00814218D0DAF8000023
:102F1000564620F00100CAF80000FEF7FFF905460A
:102F2000FEF7FCF9A842FBD03868A16C20EA0B0040
:102F300040EAC1003860306840F001003060002095
:102F4000ADE700002DE9F041040027D00025A5627F
:102F5000554F2068554A564BB84206D0904204D08F
:102F6000984202D0E1680F2918D8E16B012606EBE0
:102F7000511CE1680831C908B84201FB0CF105D0C9
:102F8000904203D0984201D0082907D8B84203D014
:102F9000904201D0984204D1102902D90120BDE805
:102FA000F08194F8810020B9204684F8805000F028
:102FB00081F8022084F881002068016821F0010175
:102FC00001602068816801F4F812A169B1F1806F95
:102FD00010D16168B1F5800F01D019B10AE0A16B81
:102FE00021B107E0A16BB1F1805F03D1016841F429
:102FF000805101606068400209D5E068072806D367
:1030000020680168236D21F48071194303E0206872
:10301000016821F480710160A16AE0690843E16BF5
:1030200011430843E168084321688860616A606B66
:10303000A2690843A16B11430843216908436169F0
:103040000843216A084361680843E16C0843A168AA
:103050000843A16C0843A16D08432168C8606068FB
:1030600068B92068816821F4C05141F40061816031
:103070002068816821F4C06141F48061816020682A
:10308000016D21F0010101656068400206D52068EC
:10309000C168626D21F000411143C160C4F88450E1
:1030A00084F8816000207AE7003001400038004059
:1030B000003C004010B5B6B00446142130A8FDF71E
:1030C0000EF9C0216846FDF70AF9194920688842BF
:1030D0002CD10021199140140C46CDE9000168461D
:1030E000FEF7A0FD08B1FDF734FB1248016841F47A
:1030F00000510160006800F4005035900D48103810
:10310000016841F010010160006830A900F0100072
:1031100035904FF4A04030900220CDE931040120D9
:103120003390052034900448FDF7F2FF36B010BD0F
:1031300000340140F0440258001002582DE9F05FBD
:10314000044690F880001D46174601288A464FF035
:10315000000B0DD04FF0010984F88090FEF7DEF8E7
:1031600094F8811006460020012904D0022135E0A0
:103170000220BDE8F09FBAF1000F2ED06FB30421FA
:1031800084F881108046C4F88400C4F864A0A4F8D0
:103190006870A4F86A70E065A4F86000A4F86200A2
:1031A00020676067A068B0F5C02F20681AD0C1689A
:1031B00021F4C02141F48021C160206841686FF38F
:1031C0000F01394341602068016841F0010101604D
:1031D0006068B0F5800F0AD00EE0012184F880000D
:1031E0000846C6E7016821F400610160E5E7206850
:1031F000016841F400710160E0680F281FD948F2AE
:103200000807B4F86A00A8B32068416939420BD0B6
:10321000006B616E0860606E001D6066B4F86A0045
:10322000401EA4F86A00ECE7FEF778F8801BA8427D
:1032300002D3681CE5D04FE0002DE2D14CE0072816
:103240001AD838E020684169C9070BD0008E616E3A
:103250000880606E801C6066B4F86A00401EA4F8A6
:103260006A0009E0FEF75AF8801BA84203D3681CE5
:1032700002D031E023E075B3B4F86A000028E1D150
:103280001DE020684169C9070CD090F83000616EDC
:103290000870606E401C6066B4F86A00401EA4F8B6
:1032A0006A0008E0FEF73AF8801BA84202D3681CC7
:1032B00001D011E07DB1B4F86A000028E1D12046C8
:1032C00001F070F884F8808084F88190D4F884004C
:1032D00088B101204DE7FFE7204601F063F884F84C
:1032E0008080D4F8840040F48070C4F8840084F8AE
:1032F000819003203DE758463BE72DE9F84F04460F
:1033000090F880001D46174601288A464FF0000BB2
:103310000DD04FF0010984F88090FDF7FFFF94F87D
:10332000811006460020012904D0022135E0022048
:10333000BDE8F88FBAF1000F2ED06FB3032184F8E7
:1033400081108046C4F88400C4F85CA0A4F86070C2
:10335000A4F862706066A4F86800A4F86A00606768
:103360002067A068B0F5C02F20681AD0C16821F48A
:10337000C02141F40031C160206841686FF30F0142
:10338000394341602068016841F0010101606068D3
:10339000B0F5800F0AD00EE0012184F880000846C5
:1033A000C6E7016841F400610160E5E72068016853
:1033B00041F400710160E0680F281AD81EE020680F
:1033C000416989070BD5E16D09680162E06D001D57
:1033D000E065B4F86200401EA4F8620009E0FDF761
:1033E0009DFF801BA84202D3681C02D091E0002DF3
:1033F0002ED0B4F862000028E1D170E0072829D867
:1034000069E02068416989071BD5B4F86210012979
:103410000BD9E16B49B1E16D09680162E06D001DF6
:10342000E065B4F86200801E08E0E16D098801845F
:10343000E06D801CE065B4F86200401EA4F86200F4
:1034400008E0FDF76BFF801BA84202D3681C01D087
:103450005FE0B5B3B4F862000028D2D13FE0206845
:10346000416989072ED5B4F8621003290CD9E16BA4
:10347000402909D9E16D09680162E06D001DE06530
:10348000B4F86200001F19E0B4F8621001290BD9EA
:10349000E16B49B1E16D09880184E06D801CE06554
:1034A000B4F86200801E09E0E16D097880F8201010
:1034B000E06D401CE065B4F86200401EA4F86200B4
:1034C00009E026E0FDF72AFF801BA84202D3681C12
:1034D00001D01EE0EDB1B4F862000028BFD1002297
:1034E0002B4608212046009600F0BAFF28B1D4F8F8
:1034F000840040F02000C4F88400204600F052FF11
:1035000084F8808084F88190D4F8840080B1012010
:103510000EE7204600F046FF84F88080D4F884004F
:1035200040F48070C4F8840084F881900320FFE6A2
:103530005846FDE6024A136883430B431360704705
:10354000040400580248016821F00101016070473D
:10355000003C005803490A6822F0020202430A6054
:1035600070470000003C0058401EB0F1807F10B54D
:1035700001D3012010BD4FF0E02460610F216017DE
:1035800002F0BAF80020A06107202061002010BDE1
:1035900030B590F83C20012A3AD0012280F83C2036
:1035A000CA6800248B6822F440721A4D1A434B6893
:1035B00022F480621A430B6822F400621A430B69FA
:1035C00022F480521A434B6922F400521A438B6A48
:1035D00022F480421A430B8B22F4702242EA034207
:1035E0000368AB4202D00C4DAB420CD18D8C22F45F
:1035F000700242EA0552CD6922F08072096A2A43BC
:1036000022F000720A435A6480F83C40002030BD2A
:10361000022030BD0000014000040140F0B590F8E8
:103620003C20012A3CD0012580F83C50022280F841
:103630003D2003685A689C681A4E1B4FB34201D064
:10364000BB4204D122F4700C4A6842EA0C0222F018
:10365000700C0A6842EA0C025A600268B24213D047
:10366000B2F1804F10D0114B9A420DD0104B9A42BC
:103670000AD0104B9A4207D0BA4205D00E4B9A425C
:1036800002D00E4B9A4204D1896824F0800319437A
:10369000916080F83D50002180F83C100846F0BD54
:1036A0000220F0BD00000140000401400004004081
:1036B00000080040000C004000180040004001409D
:1036C00010B5044649B104290AD008290BD094F852
:1036D000470001280AD0012010BD94F84400F8E703
:1036E00094F84500F5E794F84600F2E70220A9B304
:1036F000042937D0082938D084F8470004222068EC
:1037000001F04EFE2068416C41F4004141641849CB
:103710002068884214D0B0F1804F11D015498842FA
:103720000ED0154988420BD01449884208D014495C
:10373000884205D01349884202D01349884207D1F4
:103740008168124A1140062906D0B1F5803F03D0A6
:10375000016841F001010160002010BDFFE784F81D
:103760004400CBE784F84500C8E784F84600C5E785
:10377000000001400004004000080040000C004030
:103780000004014000180040004001400700010013
:1037900010B586B0044614216846FCF7A0FD0E491A
:1037A0002068884216D10D48016841F0100101607F
:1037B0000068694600F0100005904FF480600090AA
:1037C0000220019000200290039001200490044800
:1037D000FDF79EFC06B010BD00000140E044025819
:1037E0000010025870B5044690F83C0000260D46C3
:1037F00001280BD0012084F83C000C2A4AD007DCB9
:1038000082B1042A20D0082A06D131E0022070BDFE
:10381000102A53D0142A63D00126002084F83C00DB
:10382000304670BD206801F0C9FD2068816941F013
:10383000080181612068816921F0040181612068AB
:1038400081692A69114311E0206801F005FE2068B2
:10385000816941F4006181612068816921F480619E
:103860008161206881692A6941EA02218161D4E786
:10387000206801F039FE2068C16941F00801C1618A
:103880002068C16921F00401C1612068C1692A6909
:10389000114311E0206801F06FFE2068C16941F416
:1038A0000061C1612068C16921F48061C161206843
:1038B000C1692A6941EA0221C161AEE7206801F0CD
:1038C00095FE2068416D41F0080141652068416D19
:1038D00021F0040141652068416D2A69114311E01E
:1038E000206801F0BBFE2068416D41F40061416534
:1038F0002068416D21F4806141652068416D2A692D
:1039000041EA0221416588E710B5040003D094F82C
:103910003D0010B107E0012010BD002084F83C00FC
:10392000204600F023F8022084F83D002068211D85
:1039300001F0D6FC012084F8480084F83E0084F8A9
:103940003F0084F8400084F8410084F8420084F885
:10395000430084F8440084F8450084F8460084F865
:10396000470084F83D00002010BD000008B5006845
:103970000649884208D10648016841F0010101600A
:10398000006800F00100009008BD00000000014048
:10399000F0440258FEE7000001480068806B704761
:1039A000C40100242DE9F0410D4601462DED028BA6
:1039B000FFF7F2FF8842044631D0002D2FD000EEF1
:1039C000104A00EE901A01EE105AB8EE400AF8EED6
:1039D000600AB8EE411A70EE600A9FED130A30EEED
:1039E000410A80EE808AFDF799FC104F06460120BF
:1039F000FDF77CFBFDF792FC801B3A6800EE100A95
:103A0000F8EE400A00EE104AB8EE400A00EE880ACE
:103A1000BCEEC00A10EE101A9163A842E7D3BDECC9
:103A2000028BBDE8F081000000000000C40100240A
:103A30002DE9F04F87B006460C2B1D4690460C46EC
:103A400005900F466348DDF84090B0F800A019D00B
:103A50000820009015FB00F0400002F057FA029099
:103A600004A95D4800F02AFF5B4803A900F02EFF7F
:103A7000A8F1200000F0FF0B0020B9F1000F014673
:103A800002D097E00620E4E7DFF848E14AE00C2D99
:103A90000FD0524A02EB0B124FF0000921F0010344
:103AA000525C019313060AD59AFA9AF3AEF80030E5
:103AB0000BE04B4A0BEB4B0302EB8302ECE7BEF847
:103AC00002C09CFA9CFCAEF800C0009BDDF80880A8
:103AD000BEF800C04343401C80B208EB4308019B82
:103AE000A84228F803C000D30020039B5206641CA0
:103AF000A4B2120E9C4202D3AEF800A045E0E31B34
:103B0000AB4206D1049A761CB6B23C469642F3D23A
:103B100006E009F1010303F0FF09B9F1080FC1D371
:103B2000491CC9B2A942B2D346E00C2D33D02B4A6E
:103B300002EB0B124FF0000921F0010E525C13064C
:103B40000BD5244BDDF808801B8893FA93FC009B6F
:103B5000434308EB430828F80EC0401C80B2A8423B
:103B600000D30020039B5206641CA4B2120E9C4298
:103B700008D2E31BAB4214D1049A761CB6B23C4681
:103B8000964215D31349A1F800A0029802F00AF852
:103B900007B0BDE8F08F124A0BEB4B0302EB830238
:103BA000C8E709F1010303F0FF09B9F1080FC6D313
:103BB000491CC9B2A942B8D30C2D09D00820029BD8
:103BC000CDE9000504483A46059900F0E1FDD9E742
:103BD0000620F4E79800002420070024346400083D
:103BE000C05F00082DE9F84F00F0FF0804461019E7
:103BF0000D461FFA80FA4FF0000B58191FFA80F992
:103C0000DDE90A7611E0544502D3E819444685B24D
:103C10004D450FD23B4629462046CDF800B0FFF770
:103C200007FF04EB570084B2761C3278A2F1200023
:103C30005E28E8D9BDE8F88F2DE9F04F5F4D0024EC
:103C400087B05F490120AC602873022068735D482B
:103C500001F0DEF85C4E05215A482A463368984741
:103C60005749B268091F574890475848006884630D
:103C70000022B46A1146564B5248A047FDF74EFB4E
:103C8000DFF850910DF1080A4FF4005804464FF048
:103C9000100B4DE00A20FDF729FAFDF73FFB001B52
:103CA0004FF47A77B8420AD8FDF738FB001B64213D
:103CB00048434649B0FBF7F00968886338E0FDF7F0
:103CC0002DFB001B40F6B837B8422CD8FDF726FB79
:103CD000001B0A21A0F57A70B0FBF1F23EA102A808
:103CE00001F0F6FCCDE900BA28881023012182B248
:103CF0001E3880B2FFF776FFFDF710FB2968001B26
:103D0000A0F57A7048434FF4FA61B0FBF1F34FF637
:103D1000FF710320CDE900016A680021B76BD21E54
:103D20002848B84704E0FDF7F9FA001BB84205D867
:103D300041464846FDF7DAFA0128ABD144464F46E2
:103D400021463846FDF7D2FA012833D000204FF43F
:103D50009671FFF727FE002168680A46CDE9000149
:103D6000B46B2B681748A0471DA102A801F0B0FC56
:103D7000CDE900BA288804211023544682B25E4659
:103D80000846FFF72FFFFDF7BBFA19A1024602A86C
:103D900001F09EFCCDE9006428881023162182B230
:103DA0000420FFF71FFFC8216420FFF7FBFD07B0C9
:103DB000BDE8F08F0A20FDF799F9C1E7100700244C
:103DC000A0000024200700242C000024C4010024AB
:103DD000246A0008000802582530336400000000FF
:103DE00057654163742053747564696F0000000067
:103DF00053544D33324837787820307825580000B6
:103E000070B50A4C0122082105462046FDF773FAD9
:103E1000681EFDF76BF9002220460821FDF76BFABA
:103E2000BDE8704040F2F310FDF760B90010025891
:103E30008068C0F3C00070478068C0F3000070471E
:103E40008068C0F380007047C06810F4406F01D0F4
:103E50000020704701207047042303EAD15318441F
:103E600010B543690724C1F304518C408A40A34331
:103E70001343436110BD7FB5002400940194029464
:103E80000394FDF7D1FA01258DF800501B208DF821
:103E900008008DF80B404FF010468DF80A50684628
:103EA0008DF80140019603958DF80940FDF792FACF
:103EB00016208DF808008DF80F5005208DF80B00A6
:103EC00068468DF80E508DF800508DF80D408DF835
:103ED0000A508DF8015001968DF80C408DF809407C
:103EE000FDF778FA0420FDF7ADFA7FBD70B588B014
:103EF0001C216846FCF7F3F92948002427490125CD
:103F0000042640F8081B80E87000047344730661BF
:103F10000575C0E90654046244628462C46280F894
:103F200030401F48FCF75CFE08B1FCF712FC06208D
:103F300002906946CDE9005040F2FF7003901848A6
:103F4000CDE904648DF81940FCF758FC08B1FCF782
:103F500000FC1448694600900C2001901048FCF7C2
:103F60004DFC08B1FCF7F5FB0F48694600901220A4
:103F700001900B48FCF742FC08B1FCF7EAFB0B4848
:103F800069460090182001900548FCF737FC00288E
:103F900001D0FCF7DEFB08B070BD000000600258E5
:103FA000D80000240000B8CF000084CB000052C726
:103FB000F0B587B014216846FCF791F926480168EE
:103FC00041F010010160016801F0100105910168E4
:103FD00041F004010160016801F0040105910168EC
:103FE00041F080010160016801F0800105910168E4
:103FF00041F00101016000680022184F082100F023
:10400000010005903846FDF776F94FF42056384602
:1040100001223146FDF76FF900246946082000901F
:1040200001253846CDE901540394FDF771F8680382
:104030006946CDE90004022002900948FDF768F8BE
:1040400003206946CDE90065CDE902403846FDF719
:104050005FF807B0F0BD0000E044025800100258BD
:104060000008025816484FF08062144910B50160EC
:104070004FF4800141604FF4C02181600721C1608D
:1040800000210161C0E90512D200C0E907214162A7
:1040900052008162C162C0E90D21C16301644164C3
:1040A0008164C164016541658165FEF74BFF0028AD
:1040B00003D0BDE81040FCF74CBB10BD00340140FC
:1040C0003C01002410B596B000241C210BA81294CA
:1040D00013941494FCF703F92C216846FCF7FFF8BD
:1040E0002348224901600B21C0E9011440F2E73165
:1040F000C0E9031444618461FFF706FC08B1FCF7D2
:1041000028FB1B4812A9129413941494FFF786FA03
:1041100008B1FCF71EFB6020CDE90B040820042247
:104120000BA9CDE90D4012480F9410941194FFF79C
:1041300059FB08B1FCF70DFB4FF4005000940194BB
:1041400069460294CDE90440000303940694CDE946
:104150000740074809940A94FFF71AFA08B1FCF7D8
:10416000F8FA0348FFF714FB16B010BD0000014039
:10417000C4010024FEE77047704700002DE9F047B6
:10418000DFF8088104460E464FF00009D8F8000019
:10419000C043800709D03D4D283D286820F080604D
:1041A0002860FDF7BBF8074607E00120BDE8F0876F
:1041B000FDF7B4F8C01B022860D828680001F7D4C6
:1041C000D8F80010226821F47C3141EA0231C8F8A5
:1041D0000010207A4FF4FE02A1884002491EA0F58B
:1041E000007080B2C1F308010843A189491E02EAA8
:1041F00001410843217C1202491E02EA0161084381
:104200002249103108602148001D0168626921F0CF
:10421000C001114301600168A26921F0200111432E
:104220000160016821F010010160184914310A6829
:104230004FF6F8739A43E36942EAC3020A600168E1
:1042400041F0100101606EB10168012E0ED041F401
:1042500000110160286840F080602860FDF75EF87A
:1042600004460DE0016841F40021F2E741F48011B9
:10427000EFE7FDF753F8001B022801D9032095E76B
:1042800028680001F5D5484690E700002844025808
:104290002DE9F047DFF8088104460E464FF000098B
:1042A000D8F80000C043800709D03D4D283D28685C
:1042B00020F080502860FDF731F8074607E0012024
:1042C000BDE8F087FDF72AF8C01B022860D82868EF
:1042D0008000F7D4D8F80010228821F07C7141EAE0
:1042E0000251C8F80010207A4FF4FE02A188400263
:1042F000491EA0F5007080B2C1F308010843A189EE
:10430000491E02EA01410843217C1202491E02EAC9
:10431000016108432249183108602148001D0168E5
:10432000626921F44061114301600168A26921F4CE
:10433000007111430160016821F480710160184926
:104340001C310A684FF6F8739A43E36942EAC302E4
:104350000A60016841F4807101606EB10168012E4C
:104360000ED041F080710160286840F080502860D4
:10437000FCF7D4FF04460DE0016841F48001F2E748
:1043800041F40001EFE7FCF7C9FF001B022801D947
:10439000032095E728688000F5D5484690E700009F
:1043A0002844025810B502685169936943F0080324
:1043B00093610268936943F0100393610268136884
:1043C00023F0010313600268136940F26F34A343C2
:1043D00013610268936823F44043936090F881204E
:1043E000042A0CD08A060AD5D0F8842042F0800234
:1043F000C0F884200268936943F02003936190F829
:104400008120032A0CD04A060AD5D0F8842042F035
:104410000402C0F884200268936943F0400393616A
:104420008A050AD5D0F8842042F00102C0F8842021
:104430000268936943F400739361C9050AD5D0F803
:10444000841041F00801C0F8841001688A6942F4C0
:1044500080728A610021A0F86210A0F86A1010BD75
:104460002DE9F0411C4616460D460746DDF818803A
:1044700009E0FCF753FFA0EB0800A04202D3601C48
:1044800001D00BE054B13868406935EA000007D02C
:104490000020B042EDD00020BDE8F0810320FBE712
:1044A0000120F6E700207047F8B504466A46002070
:1044B00003468DF8000004F120001321054601F0A9
:1044C00070FD0A210646204600F008FA00236A46DD
:1044D0002821284601F065FD064420460A2100F007
:1044E000FDF900236A463621284601F05AFD0D49A0
:1044F00084190D480A7B896800EBC100007962B11C
:10450000C1B2284601228DF80010694601F042FD33
:10451000001901D04FF0FF30F8BDC0B240F00801E3
:10452000EFE700001007002478000024F8B50446E7
:104530006A46002003468DF8000004F12000132194
:10454000054601F02EFD0A210646204600F0C6F978
:1045500000236A462921284601F023FD064420460F
:104560000A2100F0BBF900236A463621284601F0F3
:1045700018FD0D4984190D480A7B896800EBC100BC
:10458000007962B1C1B2284601228DF80010694657
:1045900001F000FD001901D04FF0FF30F8BDC0B2AE
:1045A00040F00801EFE70000100700247800002425
:1045B0002DE9FF4FD97A83B0987A00255C7B2E468F
:1045C00000EB0120197B5F7D93F819C0090493F873
:1045D000058001EB0461DC7C0144987CDFF80491E8
:1045E00000EB04201C7D240404EB07640719DC7D28
:1045F000987D00EB04201C7E240404EB0C6493F8EB
:1046000003C020449C7804EB0C2493F804C04FEAC8
:104610000C4C0CEB086C6444A4EB01085C18D9F852
:10462000041000903B46891A091A8B460A46DDE9B8
:10463000030100F087FC6F1EF0BBDFF8ACA0D9F8D7
:10464000081099F80C0000281AF8310001D140F048
:1046500008008DF8040003980123362120300090D3
:1046600001AA01F09EFC38BBDDE903015A4600F0C7
:1046700003FC08BB607802228DF8080002A92078AC
:104680008DF80900009801F085FC08B13D4603E073
:10469000A41CB61C4645EDD399F80C004C46D9F83D
:1046A000081000280AEBC100007901D140F0080091
:1046B0008DF80400012300E00EE00098362101AAE5
:1046C00001F06FFC40B96068002200901146236839
:1046D000039800F037FC00B13D4607B02846BDE81E
:1046E000F08F000010070024780000242DE9F0412D
:1046F0001D46134B00248046069F4819661E1B6802
:10470000984218D8404600F0B7FBA0B90D490020E8
:10471000C7F30722FBB205E001EB400701F81020C8
:10472000401C7B70A842F7D306496A0008F12000BC
:1047300001F030FC00B134462046BDE8F0810000B5
:1047400010070024900400242DE9F05F8A460F49E9
:104750001E468346DDF828900025901917464968C3
:104760004FF0FF38884208D8002409E03A194B4638
:104770005146584600F0C2FC08B1454602E0641CB0
:10478000B442F3D32846BDE8F09F00001007002490
:104790002DE9FF5F8346914600261C4601984FF0A5
:1047A000FF38DDE90E7AC11918480268914204D831
:1047B000406809EB0A01814201D9464621E0002503
:1047C0001DE0019909EB0502584600F055FBA0B920
:1047D0000F49002008E0227801EB400301F8102087
:1047E0006278401CA41C5A70B842F4D308497A007D
:1047F0000BF1200001F0CEFB00B146466D1C554583
:10480000DFD304B03046BDE8F09F0000100700245D
:10481000100200242DE9F84F0026994615468A46D5
:10482000DDE90A87834634460CE04B462A4651466A
:1048300058460097FFF75AFF10B14FF0FF3603E0DC
:10484000641C6D1C4445F0D33046BDE8F88F4FF032
:10485000FF30704702488068086000207047000001
:1048600010070024FEB51D46064600F005FB044671
:1048700006F120002E21064602AA01F07DFB044429
:104880003046012202A901F07EFB04446946012260
:10489000304601F078FB04443046012201A901F0C2
:1048A00072FB9DF8042000199DF8001001EB022115
:1048B000296001D04FF0FF30FEBD000002480068C3
:1048C000086000207047000010070024024840687C
:1048D00008600020704700001007002470B50546EE
:1048E000C0690E4680470446EA699047001BB04203
:1048F000FAD3002070BD2DE9F74F5FEA000882B0BF
:104900007DD04FF0000B6A4601215C4608F1200083
:104910005B468DF800B0019001F043FB78214046E2
:10492000FFF7DCFF0198002301216A468DF8004063
:1049300001F037FB782105464046FFF7CFFF01988D
:10494000012311216A468DF8004001F02AFB002363
:104950006A46B1210544019801F023FB46190198EC
:10496000012569462A468DF8005001F013FB87198E
:1049700001982C26694601228DF8006001F00AFB9F
:1049800000EB07094FF02D0A0198012257466946AE
:104990008DF800A001F0FEFA01236A46B2218DF8DD
:1049A00000508144019801F0FCFA012269468144DB
:1049B00001988DF8006001F0EDFA0122694681440A
:1049C00001988DF8007001F0E5FA01236A46B321E1
:1049D0008DF800508144019801F0E3FA0122694604
:1049E000814401988DF8006001F0D4FA01226946F3
:1049F000814401988DF8007001F0CCFA00E0CCE120
:104A000001226946814401988DF8005001F0C2FAF4
:104A10000122694600EB090501988DF8006001F05C
:104A2000B9FA01226946054401988DF8007001F039
:104A3000B1FA4619019807256A4601238DF80050FE
:104A4000B42101F0AEFA06446A46A2208DF80000B7
:104A500001980123C02101F0A4FA871901980226C8
:104A6000694601228DF8006001F094FA0744694616
:104A700084208DF800000198012201F08BFA074490
:104A80006A46C5208DF8000001980123C12101F07C
:104A900088FA07446A460A208DF80000019801232D
:104AA000C22101F07EFA01226946074401988DF87F
:104AB000004001F06FFAC41901988A276A46012361
:104AC0008DF80070C32101F06CFA044469462A2075
:104AD0008DF800000198012201F05CFA01236A467A
:104AE000C4218DF800700444019801F05AFA04447E
:104AF0006946EE208DF800000198012201F04AFA83
:104B000004446A460E208DF8000001980123C52157
:104B100001F047FA044404984FF000036A46007B12
:104B200000287ED02021019801F03BFA01233A2190
:104B30000444019803AA01F034FA0123B146E021AC
:104B40006A46044401988DF8006001F02AFA044492
:104B500069461C208DF800000198012201F01AFA24
:104B600001226946044401988DF8005001F012FAC0
:104B70000444694612208DF800000198012201F0DA
:104B800009FA0444694637208DF800000198012293
:104B900001F000FA0444694632208DF800000198C3
:104BA000012201F0F7F92926694601228DF80060FB
:104BB0000444019801F0EEF9012269460444019889
:104BC0008DF800A001F0E6F901226946044401983D
:104BD0008DF8006001F0DEF90444694625208DF867
:104BE00000000198012201F0D5F9044469462B2008
:104BF0008DF800000198012201F0CCF904446946C7
:104C000039208DF800000198012201F0C3F907193D
:104C1000019801225C4669468DF800B001F0BAF9AE
:104C200000E0BFE00744694601208DF8000002461D
:104C3000019801F0AFF901224FF0030B07440198EE
:104C400069468DF800B001F0A5F9074469461020C7
:104C50008DF800000198012201F09CF901236A46B9
:104C6000E1218DF800B00744019801F09AF907445A
:104C700069461D208DF800000198012201F08AF993
:104C800001226946074401988DF8005001F082F92D
:104C9000C519694606208DF800000198012201F02F
:104CA00079F9471901982E25694601228DF800509F
:104CB00001F070F9074469462C208DF80000019836
:104CC000012201F067F901226946074401988DF835
:104CD000006001F05FF9C6190198012269468DF85C
:104CE00000A001F057F901226946064401988DF8A9
:104CF000005001F04FF901226946064401988DF8F1
:104D0000005001F047F98519694637208DF80000F9
:104D10000198012201F03EF9054469463F208DF8D3
:104D200000000198012201F035F90122694605448D
:104D300001988DF8004001F02DF9012269460544E3
:104D400001988DF8004001F025F9012269460544DB
:104D500001988DF8009001F01DF905446946102076
:104D60008DF800000198012201F014F901236A4630
:104D700013218DF800400544019801F012F94419FF
:104D8000019801236A46292101F00BF90444049992
:104D9000404600F063F9001901D04FF0FF3005B034
:104DA000BDE8F08F2121BEE6F8B520300D46DA21AE
:104DB0006A46064601F0E0F84FF0FF3408B120469D
:104DC000F8BD6F463046DB217A1C01F0D5F800288B
:104DD000F5D1BA1C3046DC2101F0CEF80028EED126
:104DE000BDF801009DF8001040BA61F31F40286033
:104DF0000020F8BD30B40C4603692046114630BC93
:104E0000184730B40C4683692046114630BC184719
:104E10004FF0FF3210B5D8B10B6803604C684460A6
:104E20000C890481CC68C4600C6904614C694461DC
:104E30008C698461C969C1610649416206490162A0
:104E4000064981620649C0E90B100BB1984702463A
:104E5000104610BDF54D000845510008654E00088C
:104E6000034E000830B40C4643692046114630BC5E
:104E700018474FF0FF307047F8B50D4630491446DB
:104E80008B680A7B497B012B0FD8012902D00229AC
:104E900006D018E00AB1183515E0641C1A3512E086
:104EA000012A10D1641CAD1C0DE0012902D0022999
:104EB00005D008E00AB1183405E01A3402E0012AEE
:104EC00001D1A41C6D1C6A462030002307462A210C
:104ED00001F067F806466946280A8DF800000122AD
:104EE000384601F057F806446946012238468DF8E5
:104EF000005001F04FF885196A46002338462B21EF
:104F000001F04FF805446946200A8DF8000001229F
:104F1000384601F03FF805446946012238468DF8CD
:104F2000004001F037F844196A46002338462C2126
:104F300001F037F8001901D04FF0FF30F8BD000044
:104F4000100700242DE9F8430C4643491E46154638
:104F5000DDF820908B680A7B497B012B0ED8012954
:104F600002D0022905D019E00AB1183416E01A342B
:104F700002E0012A12D1A41C6D1C0FE0012902D00D
:104F8000022907D00AE004F101040AB1183505E04E
:104F90001A3503E0012A01D1641CAD1C6A46203099
:104FA000002380462A2100F0FCFF07466946200ABC
:104FB0008DF800000122404600F0ECFF07446946EE
:104FC000012240468DF8004000F0E4FF3444694679
:104FD000641E0744200A8DF800000122404600F0BC
:104FE000D9FFC6196946012240468DF8004000F0FD
:104FF000D1FF84196A46002340462B2100F0D1FFDF
:1050000004446946280A8DF800000122404600F059
:10501000C1FF04446946012240468DF8005000F06B
:10502000B9FF0619694605EB0904641E0122200A2E
:105030008DF80000404600F0ADFF85196946012259
:1050400040468DF8004000F0A5FF401901D04FF018
:10505000FF30BDE8F8830000100700242DE9FC4173
:105060004A7B5026234CA02305468868802738B108
:10507000012805D0012A0FD08AB1022A0FD010E0F2
:10508000012A03D02AB1022A03D00AE0C4E900634E
:1050900007E0C4E9007304E0C4E9003601E0C4E9B4
:1050A000003788680022A060087B2073487B114687
:1050B00060736068009028462368FFF743FF217BF8
:1050C00006460D480029A16800EBC100007901D116
:1050D00040F008008DF804000123362101AA05F1F3
:1050E000200000F05EFF801901D04FF0FF30BDE8D6
:1050F000FC8100001007002478000024F8B5064663
:105100004FF6FF7000EA032040EA1320ADF80000DC
:105110000B480024651E03688B420DD940689042FD
:105120000AD93046FFF7A8FE30B90222694606F1D7
:10513000200000F02FFF00B12C462046F8BD0000F3
:1051400010070024F0B4C46815460E4629463046C0
:10515000A446F0BC1A4660477047FCF7E5B800006B
:1051600070B59CB04C216846FBF7B9F8202113A814
:10517000FBF7B5F80220FCF7C5F9304A00241068A7
:1051800020F00100106010682D48016841F4404192
:105190000160016801F440411B910168C943890421
:1051A000FBD428490B6843F002030B60096801F047
:1051B00002011B91016841F44041016001681168DE
:1051C00041F001011160116801F001011B910168BA
:1051D000C9438904FBD401200090052100040190FB
:1051E00002200990CDE90A0160210E90CDE90C1052
:1051F00008260F90CDE9106468461294FDF7EAFB8B
:105200004FF4FA7518B12846FEF7FAFDFBE714A92A
:105210003F201390032081E851000121179413A827
:10522000189419941A94FDF7D1F9002803D0284650
:10523000FEF7E6FDFBE71CB070BD00002C04005833
:1052400018480258F44402582048016841F470019B
:1052500001601F49086840F0010008601C4A0020F6
:10526000103210600A681B4B1A400A60184A183244
:105270001060121D1060121D1060154A2832106057
:10528000121D1060121D1060121D1060121D1060A2
:10529000121D1060121D1060121D10600A6822F4A9
:1052A00080220A600A49603108600B4800686FF389
:1052B0000F00B0F1005F03D208490120C1F80801D6
:1052C0004FF00060014980390860704788ED00E0C8
:1052D000004402587FEDF6EA0010005C00800051A7
:1052E0002DE9F04702684FF0804A254C254D264EA7
:1052F000A042264F264B09D0504507D0A84205D0E2
:10530000B04203D0B84201D0984204D122F0700CD0
:105310004A6842EA0C02DFF87CC0DFF87C80A042D9
:10532000DFF878900FD050450DD0A8420BD0B04296
:1053300009D0B84207D0984205D0604503D0404517
:1053400001D0484503D122F44075CA682A434D690B
:1053500022F080022A4302608A68C2620A6882627E
:10536000A04207D0984205D0604503D0404501D007
:10537000484501D10969016301214161BDE8F08718
:10538000000001400004004000080040000C004004
:105390000004014000400140004401400048014039
:1053A000042301F01F0110B5046A8B409C43046282
:1053B000036A8A401343036210BD00002DE9F043E5
:1053C000026A22F001020262056A4268836925F0DE
:1053D00002051B4C1C4E23400C6823F003031B4F9B
:1053E0001C438B68DFF868C02B43164DDFF86490D0
:1053F000A84207D0B04205D0B84203D0604501D0E2
:10540000484506D123F00808CB6843EA080323F097
:105410000403A84207D0B04205D0B84203D060458B
:1054200001D0484505D14D6922F4407215438A697F
:105430002A4342608461496841630362BDE8F083A6
:105440008FFFFEFF000001400004014000400140CA
:105450000044014000480140F0B5026A22F0100209
:105460000262056A42688369194C1B4E23400C682E
:1054700023F4407343EA042425F020038D6843EAB3
:105480000513144DA84201D0B04206D1CF6823F0D5
:10549000800343EA071323F04003A8420AD0B04236
:1054A00008D00E4DA84205D00D4DA84202D00D4D9A
:1054B000A84207D14D6922F4406242EA85028D6913
:1054C00042EA850242608461496881630362F0BDFB
:1054D000FF8FFFFE0000014000040140004001403A
:1054E0000044014000480140F0B5026A22F4807295
:1054F0000262056A4268C369194C1B4E23400C685E
:1055000023F003031C4325F400738D6843EA05234D
:10551000144DA84201D0B04206D1CF6823F40063F5
:1055200043EA072323F48063A8420AD0B04208D09C
:105530000E4DA84205D00E4DA84202D00D4DA842F6
:1055400007D14D6922F4405242EA05128D6942EAC0
:1055500005124260C4614968C1630362F0BD000086
:105560008FFFFEFF000001400004014000400140A9
:10557000004401400048014030B5026A22F48052E4
:105580000262046A4268C369124D2B400D6823F41D
:10559000407343EA052524F400538C6843EA04333E
:1055A0000D4CA0420BD00D4CA04208D00C4CA04298
:1055B00005D00C4CA04202D00B4CA04204D14C6947
:1055C00022F4804242EA84124260C5614968016463
:1055D000036230BDFF8FFFFE000001400004014068
:1055E00000400140004401400048014030B5026ADB
:1055F00022F480320262056A4268436D114C2340F6
:105600000C681C4325F400330D8943EA05430E4D15
:10561000A8420BD00D4DA84208D00D4DA84205D090
:105620000C4DA84202D00C4DA84204D14D6922F481
:10563000803242EA0522426044654968816503621E
:1056400030BD00008FFFFEFF00000140000401405C
:1056500000400140004401400048014030B5026A6A
:1056600022F480120262056A4268436D114C2340A5
:105670000C6843EA042425F400130D8943EA05531A
:105680000D4DA8420BD00D4DA84208D00C4DA8429C
:1056900005D00C4DA84202D00B4DA84204D14D6953
:1056A00022F4802242EA8522426044654968C1654D
:1056B000036230BDFF8FFFFE000001400004014087
:1056C000004001400044014000480140FEE7000066
:1056D0000FB4084B10B504A902AA039800F02CF8E7
:1056E000044602A9002000F058FA204610BC5DF8DC
:1056F00014FB00009B5B00080907090E002804DB6F
:1057000000F1E02080F80014704700F00F0000F175
:10571000E02080F8141D704702E008C8121F08C17D
:10572000002AFAD170477047002001E001C1121F22
:10573000002AFBD1704700002DE9FF4F8DB00F46C6
:105740000546002606E025280BD0DDE90F1290471C
:105750006D1C761C28780028F5D111B03046BDE8C4
:10576000F08F0024A246A1460122EC4900E0044348
:1057700015F8013F203B02FA03F00842F7D12878E0
:105780002A2810D06FF02F022878A0F130010929C3
:1057900014D80AEB8A0102EB410144F0020400EB49
:1057A000010A6D1CF0E701CF5FEA000A03D544F45B
:1057B0000054CAF1000A44F002046D1C28782E2817
:1057C00017D115F8010F44F004042A280ED06FF009
:1057D0002F022878A0F1300109290AD809EB8901A4
:1057E00002EB410100EB01096D1CF2E757F8049B45
:1057F0006D1C28786C280FD006DC4C2817D0682840
:105800000DD06A2814D104E0742810D07A280FD162
:105810000DE044F400140AE044F4801401E044F480
:1058200040146978814202D104F580146D1C6D1C0E
:105830002A786E2A1FD00CDC632A31D004DC002ABF
:105840008BD0582A11D1A3E0642A68D0692A0CD1E0
:1058500065E0732A2ED004DC6F2A73D0702A04D13D
:105860009BE0752A6FD0782A6ED01046DDE90F12C2
:105870009047761C50E1C4F30250022806D003285A
:1058800009D0042801CF09D0066045E101CFF11706
:10589000C0E9006140E101CF06803DE106703BE1D7
:1058A00017F8040B8DF8000000208DF80100EB467E
:1058B000012003E057F804BB4FF0FF3061074FF0C1
:1058C000000102D40DE008F10101884649450FDAD4
:1058D0008045F8DB1BF808100029F4D108E008F136
:1058E000010188468142FADB1BF808100029F6D135
:1058F000DDE90F23AAEB08008146214600F036F9C6
:10590000304400EB080604E0DDE90F121BF8010B40
:105910009047B8F10108F7D221464846F7E00A213E
:10592000C4F302534FF0000B0891022B04D001CFB7
:10593000C117032B09D00AE0FF1D27F00707F7E87E
:10594000020108E032E01FE020E000B2C117042BA2
:1059500001D140B2C117031E71F1000307DA4FF005
:10596000000CD0EB0C006CEB01012D2302E02305B1
:1059700004D52B238DF82430012303E0E30701D065
:105980002023F7E7984658E00A2110E010210EE0A6
:1059900010204FF0000B08900CE010214FF0000B8E
:1059A00044F004044FF00809089103E008214FF087
:1059B000000B0891C4F30253022B04D001CF002145
:1059C000032B06D006E0FF1D27F00707F7E80201CA
:1059D00003E080B2042B00D1C0B24FF000082307CF
:1059E0002BD5702A07D0DDF820C08CF0100C5CEAB3
:1059F0000B0C05D00EE040238DF82430012308E085
:105A000050EA010306D030238DF824308DF825208C
:105A100002239846DDF820C08CF0080C5CEA0B0CE1
:105A20000BD150EA010301D1630706D530238DF86D
:105A300024304FF00108A9F10109582A04D038A2F6
:105A40000B9208AA0A920BE03AA2F9E75B46089A81
:105A5000FAF750FC0B9B9B5C0A9A521E0A92137039
:105A600050EA0102F2D10A98ADEB000000F1200BE0
:105A7000600702D524F4803401E04FF00109D945D4
:105A800002DDA9EB0B0000E0002000EB0B0141441C
:105A90000890AAEB010AE00306D4DDE90F232146B2
:105AA000504600F063F806444FF0000908E009A9E9
:105AB00011F80900DDE90F12904709F10109761C80
:105AC000C145F4DBE0030CD5DDE90F232146504648
:105AD00000F04CF8064404E0DDE90F123020904756
:105AE000761C0899481E08900029F5DC08E00A9801
:105AF0000A990078491C0A91DDE90F129047761C3B
:105B0000BBF10001ABF1010BF1DC21465046DDE9B0
:105B10000F2300F019F806446D1C1BE6092801004C
:105B20003031323334353637383961626364656613
:105B300000000000303132333435363738394142D5
:105B400043444546000000002DE9F041044600258D
:105B50001E461746880404D405E039462020B04785
:105B60006D1C641EF9D52846BDE8F0812DE9F04191
:105B7000044600251E469046C80301D5302700E0A4
:105B80002027880404D505E041463846B0476D1CFF
:105B9000641EF9D52846BDE8F0810A68531C0B60E5
:105BA0001070704710B5002821D0114B0022001F43
:105BB000196803E0814203D80A4649680029F9D1EF
:105BC00052B11368841A9C4204D1006818441060D2
:105BD000104602E0506000E0186039B102680B1A0C
:105BE000934203D10B681A4402604968416010BDBA
:105BF000C0000024FBF792BB10B503480024042129
:105C0000FDF75EFD204610BDC40100242DE9F341DF
:105C1000174E4FF400650022884629463046FBF7B0
:105C20006AFBAC00304600222146FBF764FB1148BA
:105C3000642301226946FDF760FB012207462146E5
:105C40003046FBF758FB0B4801224FF4FA734146EC
:105C5000FDF774FAC419294601223046FBF74BFBC5
:105C6000002C03DD4FF0FF30BDE8FC810020FBE796
:105C7000001002583C0100242DE9F0410F4D4FF473
:105C8000006400220F46064621462846FBF733FBF8
:105C9000BAB20B484FF4FA733146FDF74FFA0122BE
:105CA000064621462846FBF726FB002E03DD4FF073
:105CB000FF30BDE8F0810020FBE700000010025833
:105CC0003C0100242DE9F0410E4D4FF40064002208
:105CD0000F46064621462846FBF70DFBBAB20A4896
:105CE00064233146FDF709FB01220646214628467A
:105CF000FBF701FB002E03DD4FF0FF30BDE8F08124
:105D00000020FBE7001002583C0100242DE9F74376
:105D1000194E4FF400681546894600224146304628
:105D2000FBF7E9FA4FF40057304600223946FBF7FB
:105D3000E2FA1248642301226946FDF7DEFA0122E5
:105D4000044639463046FBF7D6FA3DB1AAB20B48B5
:105D50004FF4FA734946FDF7D0FA04444146012254
:105D60003046FBF7C8FA002C03DD4FF0FF30BDE8EA
:105D7000FE830020FBE70000001002583C010024D5
:105D80008AB0FEF778F8FAF79FFCFBF7D5FAFFF731
:105D9000E7F9FEF70DF9FEF7A9F8FEF763F9FEF74C
:105DA00091F9FDF749FF4648002140F2FF72FAF7EA
:105DB000D7FCDFF810914FF4FA7820B14446204622
:105DC000FEF71EF8FBE7404D00244FF6FF774E46E6
:105DD0003B48FBF7E9F820B144462046FEF710F8AF
:105DE000FBE737486421FBF74DF820B144462046D5
:105DF000FEF706F8FBE73248FAF7EEFE25F8140046
:105E000035F8140040F6E4414843B0FBF7F046F89B
:105E10002400641C042CDBD32948FBF747F93268C3
:105E2000294C103C22607068E060B0681E21A0F52B
:105E30001B7000EBD07001EB6000A060F06823A144
:105E40008000606002A8FFF743FC234F02AD0C26E0
:105E50001023CDE9006538882E2182B20020FDF79D
:105E6000C1FEE2681DA102A8FFF732FCCDE9006582
:105E7000388810233E2182B20020FDF7B3FEA268CD
:105E80001AA102A8FFF724FCCDE900653888102389
:105E90004E2182B20020FDF7A5FE626817A102A87C
:105EA000FFF716FCCDE90065388810235E2182B229
:105EB0000020FDF797FE0320FDF7A2FF83E7000017
:105EC000D8000024C80000241000002420504332D1
:105ED0003A202534646D5600100700242056726560
:105EE000663A202534646D56000000002074656D0C
:105EF000703A202533642027430000002076626139
:105F0000743A202534646D5600000000F0B50B3063
:105F1000154D20F007010024144A0FE003688B425E
:105F20000BD38B4205D95E1A43184768C3E9006753
:105F300000E04368136002C004E0021D10680028FE
:105F4000ECD12046002802D1286808B10020F0BD1D
:105F5000064A07481060074A121A22F00702C0E9F1
:105F6000002401202860D7E7C4000024C0000024DA
:105F70005C0700245809002430B444680369A4462F
:105F800030BC1846604730B4D0E90343A44630BC67
:105F90001846604730B484680369A44630BC18468C
:105FA000604730B4046905682046AC4630BC6047A1
:105FB00000000000010203040102030406070809AF
:105FC00000000000000000000000000000000000D1
:105FD0003F400000000000000000300040003000A2
:105FE0004000000009000BC03D000BC03D0009004F
:105FF00018C024407FE0224031800000180024C0F7
:106000001B000D803240018003801C4027401C8013
:106010000740004010006000000000000000000089
:106020000000000000001F802040402000004020B1
:1060300020401F8000000000090006001F800600AD
:1060400009000000040004003F8004000400000078
:1060500000100060000000000000000004000400C8
:1060600004000400040000000000004000000000E4
:1060700000000000002001C00600380040000000C1
:106080001F802040204020401F8000000000104062
:106090003FC000400000000018C0214022402440C2
:1060A0001840000010802040244024401B80000045
:1060B00002000D0011003FC0014000003C80244060
:1060C00024402440238000001F802440244034408A
:1060D000038000003000200027C0380020000000AE
:1060E0001B802440244024401B8000001C0022C050
:1060F000224022401F8000000000000008400000F5
:10610000000000000000000004600000000000002B
:10611000000004000A00110020804040090009002E
:106120000900090009000000000040402080110023
:106130000A0004001800200023402400180000007A
:106140001F802040274029401F400000004007C01A
:1061500039000F0001C0004020403FC024402440CF
:106160001B8000001F802040204020403080000025
:1061700020403FC0204020401F80000020403FC002
:1061800024402E4030C0000020403FC024402E005C
:10619000300000000F0010802040224033800200B9
:1061A00020403FC0040004003FC020402040204069
:1061B0003FC02040204000000060202020203FC041
:1061C0002000200020403FC024400B0030C0204071
:1061D00020403FC020400040004000C03FC03C0085
:1061E00003C03C003FC0000020403FC00C402300E3
:1061F0003FC020001F802040204020401F80000022
:1062000020403FC024402400180000001F8021408F
:10621000214020E01FA0000020403FC02440260075
:1062200019C0004018C024402440224031800000A2
:10623000300020403FC020403000000020003F8060
:10624000004000403F80200020003E0001C00700C9
:1062500038002000380007C03C0007C038000000AC
:10626000204039C0060039C02040000020003840DE
:1062700007C0384020000000304021C02640384090
:1062800020C00000000000007FE04020402000000F
:10629000000070000C00038000400000000040205F
:1062A00040207FE0000000000000200040002000AF
:1062B000000000000010001000100010001000107E
:1062C000000000004000000000000000000002800C
:1062D0000540054003C0004020003FC0044004408A
:1062E00003800000000003800440044006400000DA
:1062F00000000380044024403FC0004000000380B1
:106300000540054003400000000004401FC0244039
:1063100024402000000002E00550055006500420F3
:1063200020403FC00440040003C00040000004407F
:1063300027C000400000000000100010041027E0FB
:106340000000000020403FC00140070004C004409E
:10635000204020403FC000400040000007C0040033
:1063600007C0040003C00000044007C0044004004C
:1063700003C000400000038004400440038000008C
:10638000041007F004500440038000000000038064
:106390000440045007F00010044007C0024004000D
:1063A00004000000000006400540054004C0000055
:1063B000000004001F80044000400000040007802B
:1063C0000040044007C000400400070004C00180F2
:1063D00006000400060001C0070001C0060000001E
:1063E000044006C0010006C004400000041007106D
:1063F00004E00180060004000000044005C00640DF
:10640000044000000000000004007BE04020000089
:10641000000000000000FFF000000000000040202D
:106420007BE00400000000004000800040002000ED
:1064300020004000000000000000000000000000FC
:10644000000000000000000000001FCC000C000055
:10645000000000000000080030006000080030006C
:1064600060000000022003FC1E20022003FC1E200E
:106470000220000000000E1811043FFF10840C7869
:10648000000000000F0010840F3800C00778188447
:106490000078000000780F8410C411240E9800E4E6
:1064A0000084000808006800700000000000000080
:1064B0000000000000000000000007E018182004A1
:1064C00040020000000040022004181807E000000D
:1064D000000000000240024001800FF001800240F5
:1064E000024000000080008000800FF800800080E3
:1064F000008000000001000D000E00000000000000
:10650000000000000000008000800080008000800B
:10651000008000800000000C000C00000000000063
:106520000000000000000006001800600180060066
:1065300018002000000007F00808100410040808E4
:1065400007F000000000080408041FFC0004000419
:106550000000000000000E0C1014102410441184E0
:106560000E0C000000000C18100411041104128815
:106570000C700000000000E00320042408241FFC2D
:106580000024000000001F981084110411041088DA
:1065900010700000000007F008881104110418882A
:1065A0000070000000001C00100010FC13001C0014
:1065B0001000000000000E381144108410841144B3
:1065C0000E38000000000700088C104410440888B2
:1065D00007F00000000000000000030C030C0000A6
:1065E00000000000000000000001010600000000A3
:1065F0000000000000000080014002200410080894
:1066000010040000022002200220022002200220AA
:1066100002200000000010040808041002200140BD
:106620000080000000000E001200100C106C1080A2
:106630000F00000003E00C1813E4142417C408280A
:1066400007D000000004003C03C41C40074000E4E5
:10665000001C000410041FFC1104110411040E8816
:106660000070000003E00C1810041004100410085F
:106670001C10000010041FFC100410041004080873
:1066800007F0000010041FFC1104110417C41004CB
:106690000818000010041FFC1104110017C010009E
:1066A0000800000003E00C181004100410441C78CB
:1066B0000040000010041FFC108400800080108443
:1066C0001FFC10040000100410041FFC1004100430
:1066D0000000000000030001100110011FFE100067
:1066E0001000000010041FFC110403801464181C27
:1066F0001004000010041FFC100400040004000437
:10670000000C000010041FFC1F0000FC1F001FFCF9
:106710001004000010041FFC0C04030000E010181B
:106720001FFC100007F008081004100410040808EB
:1067300007F0000010041FFC1084108010801080EF
:106740000F00000007F0081810241024101C080A7D
:1067500007F2000010041FFC1104110011C01130D9
:106760000E0C000400000E1C110410841084104450
:106770001C3800001800100010041FFC100410004A
:106780001800000010001FF810040004000410049A
:106790001FF8100010001E0011E0001C0070138094
:1067A0001C0010001FC0103C00E01F0000E0103C67
:1067B0001FC000001004180C163401C001C01634AC
:1067C000180C100410001C00130400FC13041C001F
:1067D000100000000804101C1064108413041C0432
:1067E000101800000000000000007FFE4002400280
:1067F00040020000000030000C0003800060001C1C
:106800000003000000004002400240027FFE000042
:106810000000000000000000200040004000400098
:106820002000000000010001000100010001000142
:1068300000010001000040004000200000000000B6
:1068400000000000000000980124014401440144BC
:1068500000FC000410001FFC0088010401040088F3
:1068600000700000000000700088010401040104B1
:106870000088000000000070008801040104110875
:106880001FFC0004000000F80144014401440144DD
:1068900000C800000000010401040FFC11041104F1
:1068A00011001800000000D601290129012901C9A1
:1068B0000106000010041FFC008401000100010417
:1068C00000FC000400000104190419FC0004000489
:1068D000000000000000000300010101190119FE81
:1068E0000000000010041FFC0024004001B4010C53
:1068F000010400000000100410041FFC0004000448
:1069000000000000010401FC0104010001FC01047D
:10691000010000FC010401FC0084010001000104ED
:1069200000FC0004000000F801040104010401045B
:1069300000F80000010101FF008501040104008846
:1069400000700000000000700088010401040105CF
:1069500001FF00010104010401FC008401040100A5
:1069600001800000000000CC012401240124012446
:106970000198000000000100010007F80104010473
:1069800000000000010001F80004000400040108F8
:1069900001FC0004010001800170000C0010016086
:1069A0000180010001F0010C003001C00030010C39
:1069B00001F0010000000104018C00740170018CE1
:1069C00001040000010101810171000E0018016045
:1069D0000180010000000184010C013401440184A4
:1069E000010C0000000000000000000001003EFC5F
:1069F000400240020000000000000000FFFF000015
:106A0000000000000000400240023EFC01000000C7
:106A10000000000000006000800080004000400096
:106A200020002000424D42A800000000000042006B
:106A300000002800000080000000A8000000010005
:106A400010000300000000A80000120B0000120B51
:106A50000000000000000000000000F80000E00757
:106A600000001F0000000000000000000000000007
:106A70000000000000000000000000000000000016
:106A80000000000000000000000000000000000006
:106A900000000000000000000000000000000000F6
:106AA00000000000000000000000000000000000E6
:106AB00000000000000000000000000000000000D6
:106AC00000000000000000000000000000000000C6
:106AD00000000000000000000000000000000000B6
:106AE00000000000000000000000000000000000A6
:106AF0000000000000000000000000000000000096
:106B00000000000000000000000000000000000085
:106B10000000000000000000000000000000000075
:106B20000000000000000000000000000000000065
:106B30000000000000000000000000000000000055
:106B40000000000000000000000000000000000045
:106B50000000000000000000000000000000000035
:106B60000000000000000000000000000000000025
:106B70000000000000000000000000000000000015
:106B80000000000000000000000000000000000005
:106B900000000000000000000000000000000000F5
:106BA00000000000000000000000000000000000E5
:106BB00000000000000000000000000000000000D5
:106BC00000000000000000000000000000000000C5
:106BD00000000000000000000000000000000000B5
:106BE00000000000000000000000000000000000A5
:106BF0000000000000000000000000000000000095
:106C00000000000000000000000000000000000084
:106C10000000000000000000000000000000000074
:106C20000000000000000000000000000000000064
:106C30000000000000000000000000000000000054
:106C40000000000000000000000000000000000044
:106C50000000000000000000000000000000000034
:106C60000000000000000000000000000000000024
:106C70000000000000000000000000000000000014
:106C80000000000000000000000000000000000004
:106C900000000000000000000000000000000000F4
:106CA00000000000000000000000000000000000E4
:106CB00000000000000000000000000000000000D4
:106CC00000000000000000000000000000000000C4
:106CD00000000000000000000000000000000000B4
:106CE00000000000000000000000000000000000A4
:106CF0000000000000000000000000000000000094
:106D00000000000000000000000000000000000083
:106D10000000000000000000000000000000000073
:106D20000000000000000000000000000000000063
:106D30000000000000000000000000000000000053
:106D40000000000000000000000000000000000043
:106D50000000000000000000000000000000000033
:106D60000000000000000000000000000000000023
:106D70000000000000000000000000000000000013
:106D80000000000000000000000000000000000003
:106D900000000000000000000000000000000000F3
:106DA00000000000000000000000000000000000E3
:106DB00000000000000000000000000000000000D3
:106DC00000000000000000000000000000000000C3
:106DD00000000000000000000000000000000000B3
:106DE00000000000000000000000000000000000A3
:106DF0000000000000000000000000000000000093
:106E00000000000000000000000000000000000082
:106E10000000000000000000000000000000000072
:106E20000000000000000000000000000000000062
:106E30000000000000000000000000000000000052
:106E40000000000000000000000000000000000042
:106E50000000000000000000000000000000000032
:106E60000000000000000000000000000000000022
:106E70000000000000000000000000000000000012
:106E80000000000000000000000000000000000002
:106E900000000000000000000000000000000000F2
:106EA00000000000000000000000000000000000E2
:106EB00000000000000000000000000000000000D2
:106EC00000000000000000000000000000000000C2
:106ED00000000000000000000000000000000000B2
:106EE00000000000000000000000000000000000A2
:106EF0000000000000000000000000000000000092
:106F00000000000000000000000000000000000081
:106F10000000000000000000000000000000000071
:106F20000000000000000000000000000000000061
:106F30000000000000000000000000000000000051
:106F40000000000000000000000000000000000041
:106F50000000000000000000000000000000000031
:106F60000000000000000000000000000000000021
:106F70000000000000000000000000000000000011
:106F80000000000000000000000000000000000001
:106F900000000000000000000000000000000000F1
:106FA00000000000000000000000000000000000E1
:106FB00000000000000000000000000000000000D1
:106FC00000000000000000000000000000000000C1
:106FD00000000000000000000000000000000000B1
:106FE00000000000000000000000000000000000A1
:106FF0000000000000000000000000000000000091
:107000000000000000000000000000000000000080
:107010000000000000000000000000000000000070
:107020000000000000000000000000000000000060
:107030000000000000000000000000000000000050
:107040000000000000000000000000000000000040
:107050000000000000000000000000000000000030
:107060000000000000000000000000000000000020
:107070000000000000000000000000000000000010
:107080000000000000000000000000000000000000
:1070900000000000000000000000000000000000F0
:1070A00000000000000000000000000000000000E0
:1070B00000000000000000000000000000000000D0
:1070C00000000000000000000000000000000000C0
:1070D00000000000000000000000000000000000B0
:1070E00000000000000000000000000000000000A0
:1070F0000000000000000000000000000000000090
:10710000000000000000000000000000000000007F
:10711000000000000000000000000000000000006F
:10712000000000000000000000000000000000005F
:10713000000000000000000000000000000000004F
:10714000000000000000000000000000000000003F
:10715000000000000000000000000000000000002F
:10716000000000000000000000000000000000001F
:10717000000000000000000000000000000000000F
:1071800000000000000000000000000000000000FF
:1071900000000000000000000000000000000000EF
:1071A00000000000000000000000000000000000DF
:1071B00000000000000000000000000000000000CF
:1071C00000000000000000000000000000000000BF
:1071D00000000000000000000000000000000000AF
:1071E000000000000000000000000000000000009F
:1071F000000000000000000000000000000000008F
:10720000000000000000000000000000000000007E
:10721000000000000000000000000000000000006E
:10722000000000000000000000000000000000005E
:10723000000000000000000000000000000000004E
:10724000000000000000000000000000000000003E
:10725000000000000000000000000000000000002E
:10726000000000000000000000000000000000001E
:10727000000000000000000000000000000000000E
:1072800000000000000000000000000000000000FE
:1072900000000000000000000000000000000000EE
:1072A00000000000000000000000000000000000DE
:1072B00000000000000000000000000000000000CE
:1072C00000000000000000000000000000000000BE
:1072D00000000000000000000000000000000000AE
:1072E000000000000000000000000000000000009E
:1072F000000000000000000000000000000000008E
:10730000000000000000000000000000000000007D
:10731000000000000000000000000000000000006D
:10732000000000000000000000000000000000005D
:10733000000000000000000000000000000000004D
:10734000000000000000000000000000000000003D
:10735000000000000000000000000000000000002D
:10736000000000000000000000000000000000001D
:10737000000000000000000000000000000000000D
:1073800000000000000000000000000000000000FD
:1073900000000000000000000000000000000000ED
:1073A00000000000000000000000000000000000DD
:1073B00000000000000000000000000000000000CD
:1073C00000000000000000000000000000000000BD
:1073D00000000000000000000000000000000000AD
:1073E000000000000000000000000000000000009D
:1073F000000000000000000000000000000000008D
:10740000000000000000000000000000000000007C
:10741000000000000000000000000000000000006C
:10742000000000000000000000000000000000005C
:10743000000000000000000000000000000000004C
:10744000000000000000000000000000000000003C
:10745000000000000000000000000000000000002C
:10746000000000000000000000000000000000001C
:10747000000000000000000000000000000000000C
:1074800000000000000000000000000000000000FC
:1074900000000000000000000000000000000000EC
:1074A00000000000000000000000000000000000DC
:1074B00000000000000000000000000000000000CC
:1074C00000000000000000000000000000000000BC
:1074D00000000000000000000000000000000000AC
:1074E000000000000000000000000000000000009C
:1074F000000000000000000000000000000000008C
:10750000000000000000000000000000000000007B
:10751000000000000000000000000000000000006B
:10752000000000000000000000000000000000005B
:10753000000000000000000000000000000000004B
:10754000000000000000000000000000000000003B
:10755000000000000000000000000000000000002B
:10756000000000000000000000000000000000001B
:10757000000000000000000000000000000000000B
:1075800000000000000000000000000000000000FB
:1075900000000000000000000000000000000000EB
:1075A00000000000000000000000000000000000DB
:1075B00000000000000000000000000000000000CB
:1075C00000000000000000000000000000000000BB
:1075D00000000000000000000000000000000000AB
:1075E000000000000000000000000000000000009B
:1075F000000000000000000000000000000000008B
:10760000000000000000000000000000000000007A
:10761000000000000000000000000000000000006A
:10762000000000000000000000000000000000005A
:10763000000000000000000000000000000000004A
:10764000000000000000000000000000000000003A
:10765000000000000000000000000000000000002A
:10766000000000000000000000000000000000001A
:10767000000000000000000000000000000000000A
:1076800000000000000000000000000000000000FA
:1076900000000000000000000000000000000000EA
:1076A00000000000000000000000000000000000DA
:1076B00000000000000000000000000000000000CA
:1076C00000000000000000000000000000000000BA
:1076D00000000000000000000000000000000000AA
:1076E000000000000000000000000000000000009A
:1076F000000000000000000000000000000000008A
:107700000000000000000000000000000000000079
:107710000000000000000000000000000000000069
:107720000000000000000000000000000000000059
:107730000000000000000000000000000000000049
:107740000000000000000000000000000000000039
:107750000000000000000000000000000000000029
:107760000000000000000000000000000000000019
:107770000000000000000000000000000000000009
:1077800000000000000000000000000000000000F9
:1077900000000000000000000000000000000000E9
:1077A00000000000000000000000000000000000D9
:1077B00000000000000000000000000000000000C9
:1077C00000000000000000000000000000000000B9
:1077D00000000000000000000000000000000000A9
:1077E0000000000000000000000000000000000099
:1077F0000000000000000000000000000000000089
:107800000000000000000000000000000000000078
:107810000000000000000000000000000000000068
:107820000000000000000000000000000000000058
:107830000000000000000000000000000000000048
:107840000000000000000000000000000000000038
:107850000000000000000000000000000000000028
:107860000000000000000000000000000000000018
:107870000000000000000000000000000000000008
:1078800000000000000000000000000000000000F8
:1078900000000000000000000000000000000000E8
:1078A00000000000000000000000000000000000D8
:1078B00000000000000000000000000000000000C8
:1078C00000000000000000000000000000000000B8
:1078D00000000000000000000000000000000000A8
:1078E0000000000000000000000000000000000098
:1078F0000000000000000000000000000000000088
:107900000000000000000000000000000000000077
:107910000000000000000000000000000000000067
:107920000000000000000000000000000000000057
:107930000000000000000000000000000000000047
:107940000000000000000000000000000000000037
:107950000000000000000000000000000000000027
:107960000000000000000000000000000000000017
:107970000000000000000000000000000000000007
:1079800000000000000000000000000000000000F7
:1079900000000000000000000000000000000000E7
:1079A00000000000000000000000000000000000D7
:1079B00000000000000000000000000000000000C7
:1079C00000000000000000000000000000000000B7
:1079D00000000000000000000000000000000000A7
:1079E0000000000000000000000000000000000097
:1079F0000000000000000000000000000000000087
:107A00000000000000000000000000000000000076
:107A10000000000000000000000000000000000066
:107A20000000000000000000000000000000000056
:107A30000000000000000000000000000000000046
:107A40000000000000000000000000000000000036
:107A50000000000000000000000000000000000026
:107A60000000000000000000000000000000000016
:107A70000000000000000000000000000000000006
:107A800000000000000000000000000000000000F6
:107A900000000000000000000000000000000000E6
:107AA00000000000000000000000000000000000D6
:107AB00000000000000000000000000000000000C6
:107AC00000000000000000000000000000000000B6
:107AD00000000000000000000000000000000000A6
:107AE0000000000000000000000000000000000096
:107AF0000000000000000000000000000000000086
:107B00000000000000000000000000000000000075
:107B10000000000000000000000000000000000065
:107B20000000000000000000000000000000000055
:107B30000000000000000000000000000000000045
:107B40000000000000000000000000000000000035
:107B50000000000000000000000000000000000025
:107B60000000000000000000000000000000000015
:107B70000000000000000000000000000000000005
:107B800000000000000000000000000000000000F5
:107B900000000000000000000000000000000000E5
:107BA00000000000000000000000000000000000D5
:107BB00000000000000000000000000000000000C5
:107BC00000000000000000000000000000000000B5
:107BD00000000000000000000000000000000000A5
:107BE0000000000000000000000000000000000095
:107BF0000000000000000000000000000000000085
:107C00000000000000000000000000000000000074
:107C10000000000000000000000000000000000064
:107C20000000000000000000000000000000000054
:107C30000000000000000000000000000000000044
:107C40000000000000000000000000000000000034
:107C50000000000000000000000000000000000024
:107C60000000000000000000000000000000000014
:107C70000000000000000000000000000000000004
:107C800000000000000000000000000000000000F4
:107C900000000000000000000000000000000000E4
:107CA00000000000000000000000000000000000D4
:107CB00000000000000000000000000000000000C4
:107CC00000000000000000000000000000000000B4
:107CD00000000000000000000000000000000000A4
:107CE0000000000000000000000000000000000094
:107CF0000000000000000000000000000000000084
:107D00000000000000000000000000000000000073
:107D10000000000000000000000000000000000063
:107D20000000000000000000000000000000000053
:107D30000000000000000000000000000000000043
:107D40000000000000000000000000000000000033
:107D50000000000000000000000000000000000023
:107D60000000000000000000000000000000000013
:107D70000000000000000000000000000000000003
:107D800000000000000000000000000000000000F3
:107D900000000000000000000000000000000000E3
:107DA00000000000000000000000000000000000D3
:107DB00000000000000000000000000000000000C3
:107DC00000000000000000000000000000000000B3
:107DD00000000000000000000000000000000000A3
:107DE0000000000000000000000000000000000093
:107DF0000000000000000000000000000000000083
:107E00000000000000000000000000000000000072
:107E10000000000000000000000000000000000062
:107E20000000000000000000000000000000000052
:107E30000000000000000000000000000000000042
:107E40000000000000000000000000000000000032
:107E50000000000000000000000000000000000022
:107E60000000000000000000000000000000000012
:107E70000000000000000000000000000000000002
:107E800000000000000000000000000000000000F2
:107E900000000000000000000000000000000000E2
:107EA00000000000000000000000000000000000D2
:107EB00000000000000000000000000000000000C2
:107EC00000000000000000000000000000000000B2
:107ED00000000000000000000000000000000000A2
:107EE0000000000000000000000000000000000092
:107EF0000000000000000000000000000000000082
:107F00000000000000000000000000000000000071
:107F10000000000000000000000000000000000061
:107F20000000000000000000000000000000000051
:107F30000000000000000000000000000000000041
:107F40000000000000000000000000000000000031
:107F50000000000000000000000000000000000021
:107F60000000000000000000000000000000000011
:107F70000000000000000000000000000000000001
:107F800000000000000000000000000000000000F1
:107F900000000000000000000000000000000000E1
:107FA00000000000000000000000000000000000D1
:107FB00000000000000000000000000000000000C1
:107FC00000000000000000000000000000000000B1
:107FD00000000000000000000000000000000000A1
:107FE0000000000000000000000000000000000091
:107FF0000000000000000000000000000000000081
:108000000000000000000000000000000000000070
:108010000000000000000000000000000000000060
:108020000000000000000000000000000000000050
:108030000000000000000000000000000000000040
:108040000000000000000000000000000000000030
:108050000000000000000000000000000000000020
:108060000000000000000000000000000000000010
:108070000000000000000000000000000000000000
:1080800000000000000000000000000000000000F0
:1080900000000000000000000000000000000000E0
:1080A00000000000000000000000000000000000D0
:1080B00000000000000000000000000000000000C0
:1080C00000000000000000000000000000000000B0
:1080D00000000000000000000000000000000000A0
:1080E0000000000000000000000000000000000090
:1080F0000000000000000000000000000000000080
:10810000000000000000000000000000000000006F
:10811000000000000000000000000000000000005F
:10812000000000000000000000000000000000004F
:10813000000000000000000000000000000000003F
:10814000000000000000000000000000000000002F
:10815000000000000000000000000000000000001F
:10816000000000000000000000000000000000000F
:1081700000000000000000000000000000000000FF
:1081800000000000000000000000000000000000EF
:1081900000000000000000000000000000000000DF
:1081A00000000000000000000000000000000000CF
:1081B00000000000000000000000000000000000BF
:1081C00000000000000000000000000000000000AF
:1081D000000000000000000000000000000000009F
:1081E000000000000000000000000000000000008F
:1081F000000000000000000000000000000000007F
:10820000000000000000000000000000000000006E
:10821000000000000000000000000000000000005E
:10822000000000000000000000000000000000004E
:10823000000000000000000000000000000000003E
:10824000000000000000000000000000000000002E
:10825000000000000000000000000000000000001E
:10826000000000000000000000000000000000000E
:1082700000000000000000000000000000000000FE
:1082800000000000000000000000000000000000EE
:1082900000000000000000000000000000000000DE
:1082A00000000000000000000000000000000000CE
:1082B00000000000000000000000000000000000BE
:1082C00000000000000000000000000000000000AE
:1082D000000000000000000000000000000000009E
:1082E000000000000000000000000000000000008E
:1082F000000000000000000000000000000000007E
:10830000000000000000000000000000000000006D
:10831000000000000000000000000000000000005D
:10832000000000000000000000000000000000004D
:10833000000000000000000000000000000000003D
:10834000000000000000000000000000000000002D
:10835000000000000000000000000000000000001D
:10836000000000000000000000000000000000000D
:1083700000000000000000000000000000000000FD
:1083800000000000000000000000000000000000ED
:1083900000000000000000000000000000000000DD
:1083A00000000000000000000000000000000000CD
:1083B00000000000000000000000000000000000BD
:1083C00000000000000000000000000000000000AD
:1083D000000000000000000000000000000000009D
:1083E000000000000000000000000000000000008D
:1083F000000000000000000000000000000000007D
:10840000000000000000000000000000000000006C
:10841000000000000000000000000000000000005C
:10842000000000000000000000000000000000004C
:10843000000000000000000000000000000000003C
:10844000000000000000000000000000000000002C
:10845000000000000000000000000000000000001C
:10846000000000000000000000000000000000000C
:1084700000000000000000000000000000000000FC
:1084800000000000000000000000000000000000EC
:1084900000000000000000000000000000000000DC
:1084A00000000000000000000000000000000000CC
:1084B00000000000000000000000000000000000BC
:1084C00000000000000000000000000000000000AC
:1084D000000000000000000000000000000000009C
:1084E000000000000000000000000000000000008C
:1084F000000000000000000000000000000000007C
:10850000000000000000000000000000000000006B
:10851000000000000000000000000000000000005B
:10852000000000000000000000000000000000004B
:10853000000000000000000000000000000000003B
:10854000000000000000000000000000000000002B
:10855000000000000000000000000000000000001B
:10856000000000000000000000000000000000000B
:1085700000000000000000000000000000000000FB
:1085800000000000000000000000000000000000EB
:1085900000000000000000000000000000000000DB
:1085A00000000000000000000000000000000000CB
:1085B00000000000000000000000000000000000BB
:1085C00000000000000000000000000000000000AB
:1085D000000000000000000000000000000000009B
:1085E000000000000000000000000000000000008B
:1085F000000000000000000000000000000000007B
:10860000000000000000000000000000000000006A
:10861000000000000000000000000000000000005A
:10862000000000000000000000000000000000004A
:10863000000000000000000000000000000000003A
:10864000000000000000000000000000000000002A
:10865000000000000000000000000000000000001A
:10866000000000000000000000000000000000000A
:1086700000000000000000000000000000000000FA
:1086800000000000000000000000000000000000EA
:1086900000000000000000000000000000000000DA
:1086A00000000000000000000000000000000000CA
:1086B00000000000000000000000000000000000BA
:1086C00000000000000000000000000000000000AA
:1086D000000000000000000000000000000000009A
:1086E000000000000000000000000000000000008A
:1086F000000000000000000000000000000000007A
:108700000000000000000000000000000000000069
:108710000000000000000000000000000000000059
:108720000000000000000000000000000000000049
:108730000000000000000000000000000000000039
:108740000000000000000000000000000000000029
:108750000000000000000000000000000000000019
:108760000000000000000000000000000000000009
:1087700000000000000000000000000000000000F9
:1087800000000000000000000000000000000000E9
:1087900000000000000000000000000000000000D9
:1087A00000000000000000000000000000000000C9
:1087B00000000000000000000000000000000000B9
:1087C00000000000000000000000000000000000A9
:1087D0000000000000000000000000000000000099
:1087E0000000000000000000000000000000000089
:1087F0000000000000000000000000000000000079
:108800000000000000000000000000000000000068
:108810000000000000000000000000000000000058
:108820000000000000000000000000000000000048
:108830000000000000000000000000000000000038
:108840000000000000000000000000000000000028
:108850000000000000000000000000000000000018
:108860000000000000000000000000000000000008
:1088700000000000000000000000000000000000F8
:1088800000000000000000000000000000000000E8
:1088900000000000000000000000000000000000D8
:1088A00000000000000000000000000000000000C8
:1088B00000000000000000000000000000000000B8
:1088C00000000000000000000000000000000000A8
:1088D0000000000000000000000000000000000098
:1088E0000000000000000000000000000000000088
:1088F0000000000000000000000000000000000078
:108900000000000000000000000000000000000067
:108910000000000000000000000000000000000057
:108920000000000000000000000000000000000047
:108930000000000000000000000000000000000037
:108940000000000000000000000000000000000027
:108950000000000000000000000000000000000017
:108960000000000000000000000000000000000007
:1089700000000000000000000000000000000000F7
:1089800000000000000000000000000000000000E7
:1089900000000000000000000000000000000000D7
:1089A00000000000000000000000000000000000C7
:1089B00000000000000000000000000000000000B7
:1089C00000000000000000000000000000000000A7
:1089D0000000000000000000000000000000000097
:1089E0000000000000000000000000000000000087
:1089F0000000000000000000000000000000000077
:108A00000000000000000000000000000000000066
:108A10000000000000000000000000000000000056
:108A20000000000000000000000000000000000046
:108A30000000000000000000000000000000000036
:108A40000000000000000000000000000000000026
:108A50000000000000000000000000000000000016
:108A60000000000000000000000000000000000006
:108A700000000000000000000000000000000000F6
:108A800000000000000000000000000000000000E6
:108A900000000000000000000000000000000000D6
:108AA00000000000000000000000000000000000C6
:108AB00000000000000000000000000000000000B6
:108AC00000000000000000000000000000000000A6
:108AD0000000000000000000000000000000000096
:108AE0000000000000000000000000000000000086
:108AF0000000000000000000000000000000000076
:108B00000000000000000000000000000000000065
:108B10000000000000000000000000000000000055
:108B20000000000000000000000000000000000045
:108B30000000000000000000000000000000000035
:108B40000000000000000000000000000000000025
:108B50000000000000000000000000000000000015
:108B60000000000000000000000000000000000005
:108B700000000000000000000000000000000000F5
:108B800000000000000000000000000000000000E5
:108B900000000000000000000000000000000000D5
:108BA00000000000000000000000000000000000C5
:108BB00000000000000000000000000000000000B5
:108BC00000000000000000000000000000000000A5
:108BD0000000000000000000000000000000000095
:108BE0000000000000000000000000000000000085
:108BF0000000000000000000000000000000000075
:108C00000000000000000000000000000000000064
:108C10000000000000000000000000000000000054
:108C20000000000000000000000000000000000044
:108C30000000000000000000000000000000000034
:108C40000000000000000000000000000000000024
:108C50000000000000000000000000000000000014
:108C60000000000000000000000000000000000004
:108C700000000000000000000000000000000000F4
:108C800000000000000000000000000000000000E4
:108C900000000000000000000000000000000000D4
:108CA00000000000000000000000000000000000C4
:108CB00000000000000000000000000000000000B4
:108CC00000000000000000000000000000000000A4
:108CD0000000000000000000000000000000000094
:108CE0000000000000000000000000000000000084
:108CF0000000000000000000000000000000000074
:108D00000000000000000000000000000000000063
:108D10000000000000000000000000000000000053
:108D20000000000000000000000000000000000043
:108D30000000000000000000000000000000000033
:108D40000000000000000000000000000000000023
:108D50000000000000000000000000000000000013
:108D60000000000000000000000000000000000003
:108D700000000000000000000000000000000000F3
:108D800000000000000000000000000000000000E3
:108D900000000000000000000000000000000000D3
:108DA00000000000000000000000000000000000C3
:108DB00000000000000000000000000000000000B3
:108DC00000000000000000000000000000000000A3
:108DD0000000000000000000000000000000000093
:108DE0000000000000000000000000000000000083
:108DF0000000000000000000000000000000000073
:108E00000000000000000000000000000000000062
:108E10000000000000000000000000000000000052
:108E20000000000000000000000000000000000042
:108E30000000000000000000000000000000000032
:108E40000000000000000000000000000000000022
:108E50000000000000000000000000000000000012
:108E60000000000000000000000000000000000002
:108E700000000000000000000000000000000000F2
:108E800000000000000000000000000000000000E2
:108E900000000000000000000000000000000000D2
:108EA00000000000000000000000000000000000C2
:108EB00000000000000000000000000000000000B2
:108EC00000000000000000000000000000000000A2
:108ED0000000000000000000000000000000000092
:108EE0000000000000000000000000000000000082
:108EF0000000000000000000000000000000000072
:108F00000000000000000000000000000000000061
:108F10000000000000000000000000000000000051
:108F20000000000000000000000000000000000041
:108F30000000000000000000000000000000000031
:108F40000000000000000000000000000000000021
:108F50000000000000000000000000000000000011
:108F60000000000000000000000000000000000001
:108F700000000000000000000000000000000000F1
:108F800000000000000000000000000000000000E1
:108F900000000000000000000000000000000000D1
:108FA00000000000000000000000000000000000C1
:108FB00000000000000000000000000000000000B1
:108FC00000000000000000000000000000000000A1
:108FD0000000000000000000000000000000000091
:108FE0000000000000000000000000000000000081
:108FF0000000000000000000000000000000000071
:109000000000000000000000000000000000000060
:109010000000000000000000000000000000000050
:109020000000000000000000000000000000000040
:109030000000000000000000000000000000000030
:109040000000000000000000000000000000000020
:109050000000000000000000000000000000000010
:109060000000000000000000000000000000000000
:1090700000000000000000000000000000000000F0
:1090800000000000000000000000000000000000E0
:1090900000000000000000000000000000000000D0
:1090A00000000000000000000000000000000000C0
:1090B00000000000000000000000000000000000B0
:1090C00000000000000000000000000000000000A0
:1090D0000000000000000000000000000000000090
:1090E0000000000000000000000000000000000080
:1090F0000000000000000000000000000000000070
:10910000000000000000000000000000000000005F
:10911000000000000000000000000000000000004F
:10912000000000000000000000000000000000003F
:10913000000000000000000000000000000000002F
:10914000000000000000000000000000000000001F
:10915000000000000000000000000000000000000F
:1091600000000000000000000000000000000000FF
:1091700000000000000000000000000000000000EF
:1091800000000000000000000000000000000000DF
:1091900000000000000000000000000000000000CF
:1091A00000000000000000000000000000000000BF
:1091B00000000000000000000000000000000000AF
:1091C000000000000000000000000000000000009F
:1091D000000000000000000000000000000000008F
:1091E000000000000000000000000000000000007F
:1091F000000000000000000000000000000000006F
:10920000000000000000000000000000000000005E
:10921000000000000000000000000000242196B5BE
:109220005DEFFFFFFFFFFBDEB294000000000000D7
:10923000000000000000000000000000000000002E
:10924000000000000000000000000000000000001E
:10925000000000000000000000000000000000000E
:1092600000000000000000000000000000000000FE
:1092700000000000000000000000000000000000EE
:1092800000000000000000000000000000000000DE
:1092900000000000000000000000000000000000CE
:1092A00000000000000000000000000000000000BE
:1092B00000000000000000000000000000000000AE
:1092C000000000000000000000000000000000009E
:1092D000000000000000000000000000000000008E
:1092E000000000000000000000000000000000007E
:1092F000000000000000000000000000000000006E
:10930000000000000000000000000000000000005D
:1093100000000000000000000000AA52BEF7FFFF9E
:10932000BEF796B514A5F7BDBEF75DEFAA520000D3
:10933000000000000000000000000000000000002D
:10934000000000000000000000000000000000001D
:10935000000000000000000000000000000000000D
:1093600000000000000000000000000000000000FD
:1093700000000000000000000000000000000000ED
:1093800000000000000000000000000000000000DD
:10939000000000000000000024212C632C632C63DB
:1093A00000000000000000000000000000000000BD
:1093B00000000000000000000000000000000000AD
:1093C000000000000000000000000000000000009D
:1093D0000000000000000000E7392C632C63AA5253
:1093E000000000000000000000000000000000007D
:1093F000000000000000000000000000000000006D
:10940000E7392C632C632C632C632C63E739000051
:1094100000000000000000002421BEF7FFFFBEF79F
:10942000AA52000000000000E739FBDEBEF7AA5296
:10943000000000000000000000000000000000002C
:1094400000002C632C632C632C63AA5200000000E4
:10945000000000000000000000000000000000000C
:1094600000000000000000000000000000000000FC
:1094700000000000000000000000000000000000EC
:1094800000000000000000000000000000000000DC
:10949000FFFFFFFFFFFFFFFFFFFFFFFFFFFFFFFFDC
:1094A000BAD6000000000000000000005DEFFFFFE2
:1094B000FFFFFFFFFFFFFFFFFFFFF7BD0000000002
:1094C0000000000000000000000000000000CF7B52
:1094D000FFFFFFFFFFFFFFFFFFFFFFFFFFFFFFFF9C
:1094E00014A50000000000000000000000000000C3
:1094F000000059CEFFFFFFFFFFFFFFFFFFFFFFFF51
:10950000FFFFFFFFFFFFFFFFFFFFFFFFFFFFBAD6D9
:10951000242100000000000014A5FFFFFFFF2C63C2
:10952000000000000000000000002421FBDEFBDE44
:1095300000000000000000003084FFFFFFFFFFFF7D
:10954000FFFFFFFFFFFFFFFFFFFFFFFFBEF7F7BDBE
:109550002C6300000000000000000000000000007C
:1095600000000000000000000000000000000000FB
:1095700000000000000000000000000000000000EB
:1095800000000000000000000000000000000000DB
:109590002C6330845DEFFFFFFFFFF7BD000000008C
:1095A000E73900000000000000000000AA523084EB
:1095B000BEF7FFFFFFFFB2942C63AA520000000029
:1095C0000000000000000000000000000000242156
:1095D0002C6314A5BEF7FFFFFFFF308400000000DE
:1095E000E73900000000000000000000000000005B
:1095F0000000E7393084FBDEFFFFFFFF5DEF5DEF2A
:10960000FFFFFFFF5DEF59CEB2942C63B294FFFFD2
:10961000F7BD0000000000005DEFFFFF5DEF000000
:10962000000000000000000000000000AA5296B5F3
:10963000000000000000000000000000AA52FFFF30
:10964000FFFFFBDE2C632C632C63B294FBDEFFFF79
:10965000FFFF59CE242100000000000000000000A0
:1096600000000000000000000000000000000000FA
:1096700000000000000000000000000000000000EA
:1096800000000000000000000000000000000000DA
:1096900000000000AA52FFFFFFFF5DEF0000000086
:1096A00000000000000000000000000000000000BA
:1096B0003084FFFFFFFF96B50000000000000000AF
:1096C000000000000000000000000000000000009A
:1096D00000000000B294FFFFFFFFF7BD0000000094
:1096E000000000000000000000000000000000007A
:1096F00000000000000024215DEFFFFFBEF72421E1
:109700000000000000000000000000002421FFFF16
:10971000FFFF000000002421FFFFFFFFF7BD000056
:109720000000000000000000000000000000000039
:10973000000000000000000000000000000059CE02
:10974000FFFFFFFFE73900000000000000002C636E
:10975000BEF7FFFFFBDE2421000000000000000038
:1097600000000000000000000000000000000000F9
:1097700000000000000000000000000000000000E9
:1097800000000000000000000000000000000000D9
:10979000000000000000FBDEFFFFFFFF24210000AF
:1097A00000000000000000000000000000000000B9
:1097B0002421FFFFFFFFFBDE00000000000000008F
:1097C0000000000000000000000000000000000099
:1097D000000000002421FFFFFFFFFBDE000000006F
:1097E0000000000000000000000000000000000079
:1097F0000000000000000000B294FFFFFFFF308473
:109800000000000000000000000000002C63FFFFCB
:10981000BEF7000000002C63FFFFFFFF14A500004F
:109820000000000000000000000000000000000038
:10983000000000000000242114A5AA52000030847A
:10984000FFFFFFFFB29400000000000000000000D6
:10985000AA52BEF7FFFFFBDE000000000000000080
:1098600000000000000000000000000000000000F8
:1098700000000000000000000000000000000000E8
:1098800000000000000000000000000000000000D8
:10989000000000000000B294FFFFFFFF30840000D2
:1098A00000000000000000000000000000000000B8
:1098B000000059CEFFFFFFFF242100000000000040
:1098C0000000000000000000000000000000000098
:1098D000000000000000BAD6FFFFFFFF24210000B7
:1098E0000000000000000000000000000000000078
:1098F0000000000000000000E739FFFFFFFF59CE25
:1099000000000000000000000000000000003084A3
:10991000AA52000000002C63FFFFFFFF14A5000007
:109920000000000000000000000000000000000037
:10993000000000000000BAD6FFFFBAD600002421C4
:10994000FFFFFFFFFBDE0000000000000000000042
:1099500000002C63FFFFFFFF14A5000000000000C3
:1099600000000000000000000000000000000000F7
:1099700000000000000000000000000000000000E7
:1099800000000000000000000000000000000000D7
:10999000000000000000AA52FFFFFFFFF7BD00001B
:1099A00000000000000000000000000000000000B7
:1099B0000000B294FFFFFFFF3084000000000000B1
:1099C0000000000000000000000000000000000097
:1099D000000000000000B294FFFFFFFF3084000091
:1099E0000000000000000000000000000000000077
:1099F000000000000000000000005DEFFFFFFFFF1F
:109A00000000000000000000000000000000000056
:109A1000000000000000AA52FFFFFFFF14A5000095
:109A20000000000000000000000000000000000036
:109A300000000000CF7BFFFFBEF730840000000075
:109A4000BAD6FFFFFFFF2421000000000000000045
:109A500000000000F7BDFFFFBEF72421000000005A
:109A600000000000000000000000000000000000F6
:109A700000000000000000000000000000000000E6
:109A800000000000000000000000000000000000D6
:109A90000000000000000000BEF7FFFF5DEF0000C7
:109AA00000000000000000000000FBDEFFFFAA52E3
:109AB0000000AA52FFFFFFFFF7BD000000000000FA
:109AC000AA52242100000000000000000000000055
:109AD000000000000000AA52FFFFFFFFF7BD0000DA
:109AE0000000000000000000000000000000000076
:109AF00000000000000000000000F7BDFFFFFFFFB6
:109B0000CF7B00000000000000000000000000000B
:109B10000000000000000000FFFFFFFFBAD60000B9
:109B20000000000000000000000000000000000035
:109B30000000000014A5FFFF2C63000000000000DF
:109B400014A5FFFFFFFFCF7B000000000000000016
:109B500000000000CF7BFFFFFFFF3084000000000B
:109B600000000000000000000000000000000000F5
:109B700000000000000000000000000000000000E5
:109B8000000000000000000000003084BAD6CF7B47
:109B90000000000000000000F7BDFFFFFFFFE739F5
:109BA0000000000000000000AA52FFFFFFFFAA52C1
:109BB000000000005DEFFFFFFBDE00000000000082
:109BC000BAD614A500000000000096B559CEE739BA
:109BD0000000000000000000BEF7FFFF5DEF000086
:109BE0000000000000000000000000000000000075
:109BF000000000000000000000003084FFFFFFFFB5
:109C000096B5000000000000000000000000000009
:109C10000000000000000000BAD6FFFFBEF7000001
:109C20000000000000000000000000000000000034
:109C30000000000059CEFBDE000000000000000024
:109C40002C63FFFFFFFF14A50000000000000000D0
:109C5000000000000000FFFFFFFFF7BD0000000054
:109C600000000000000000000000000000000000F4
:109C700000000000000000000000000000000000E4
:109C8000000000000000000000005DEFFFFF14A5D1
:109C900000000000000000003084FFFFFFFF308460
:109CA00000000000000000002C63FFFFF7BD000073
:109CB00000000000F7BDFFFFFFFFBAD6BAD6BAD644
:109CC000FFFFF7BD00000000E739FFFFFFFF2C6337
:109CD0000000000000000000F7BDFFFFFFFFE739B4
:109CE0000000000000000000000000000000000074
:109CF00000000000000000000000E739FFFFFFFF48
:109D0000FBDE00000000000000000000000000007A
:109D10000000000000000000B294FFFFFFFFAA5205
:109D20000000000000000000000000000000000033
:109D30000000000014A5FBDE000000000000000091
:109D40000000FFFFFFFFBAD6000000000000000087
:109D5000000000000000FFFFFFFFBAD60000000077
:109D600000000000000000000000000000000000F3
:109D700000000000000000000000000000000000E3
:109D800000000000000000000000FFFFFFFFAA52DB
:109D90000000000000000000E739FFFFFFFFF7BDF3
:109DA00000000000000000002C63FFFF3084000072
:109DB000000000003084FFFFFFFF59CE14A514A55A
:109DC00059CE5DEF000000002C63FFFFFBDE0000BA
:109DD00000000000000000003084FFFFFFFF30841F
:109DE0000000000000000000000000000000000073
:109DF000000000000000000000000000FBDEFFFF8C
:109E0000FFFFE73900000000000000000000000034
:109E100000000000000000002421FFFFFFFFF7BD4D
:109E20000000000000000000000000000000000032
:109E3000000000003084FFFFE73900000000000050
:109E40000000BAD6FFFFFFFF000000000000000086
:109E5000000000000000FFFFFFFFBAD60000000076
:109E600000000000000000000000000000000000F2
:109E700000000000000000000000000000000000E2
:109E800000000000000000000000FFFFF7BD000020
:109E9000000000000000000000005DEFFFFF5DEF2C
:109EA0000000000000000000AA52FFFFB294000072
:109EB00000000000E739FFFFFFFF96B5000000003B
:109EC000AA52FFFF000000002C63FFFF3084000057
:109ED0000000000000000000E739FFFFFFFFF7BDB2
:109EE0000000000000000000000000000000000072
:109EF000000000000000000000000000B294FFFF1E
:109F0000FFFFB2940000000000000000000000000D
:109F100000000000000000000000F7BDFFFFBEF7DA
:109F200024210000000000000000000000000000EC
:109F3000AA5296B52421BEF714A500000000000027
:109F4000000014A5FFFFFFFF2C63000000000000CD
:109F5000000000000000FFFFFFFFBAD60000000075
:109F600000000000000000000000000000000000F1
:109F700000000000000000000000000000000000E1
:109F800000000000000000000000BEF759CE0000F5
:109F900000000000000000000000F7BDFFFFFFFF11
:109FA000E73900000000000000005DEFBAD60000B5
:109FB0000000000000005DEFFFFFFBDE000000007E
:109FC0000000000000000000AA52FFFFB294000051
:109FD000000000000000000000005DEFFFFF5DEFEB
:109FE0000000000000000000000000000000000071
:109FF000000000000000000000000000E739FFFF43
:10A00000FFFFFBDE00000000000000000000000079
:10A01000000000000000000000002421BEF7FFFF48
:10A0200096B50000000000000000000000000000E5
:10A030002C63BAD6000014A5BEF7AA520000000097
:10A0400000002C63FFFFFFFFB2940000000000003F
:10A0500000000000CF7BFFFFFFFF96B5000000006F
:10A0600000000000000000000000000000000000F0
:10A0700000000000000000000000000000000000E0
:10A0800000000000000000000000F7BDFFFFE739FE
:10A09000000000000000000000003084FFFFFFFF10
:10A0A000B2940000000000000000CF7BFFFF30846E
:10A0B000000000000000F7BDFFFFFFFFE7390000D0
:10A0C000000000000000E739E7395DEFFBDE00002B
:10A0D00000000000000000000000F7BDFFFFFFFFD0
:10A0E000E739000000000000000000000000000050
:10A0F0000000000000000000000000000000F7BDAC
:10A10000FFFFFFFFE7390000000000000000000033
:10A11000000000000000000000000000CF7BFFFFF7
:10A12000FFFF2C63000000000000000000000000A2
:10A130002C63FFFF00000000FBDEFBDE242100009B
:10A1400000000000FFFFFFFF59CE000000000000EC
:10A1500000000000BAD6FFFFFFFFE7390000000053
:10A1600000000000000000000000000000000000EF
:10A1700000000000000000000000000000000000DF
:10A1800000000000000000000000E739BEF7FBDE21
:10A1900024210000000000000000E739FFFFFFFF5E
:10A1A00059CE0000000000000000000096B5BEF788
:10A1B0003084000000003084FFFFFFFF3084000087
:10A1C00000000000000014A5BAD6CF7BFFFFF7BD4A
:10A1D000000000000000000000003084FFFFFFFFCF
:10A1E000B294000000000000000000000000000029
:10A1F0000000000000000000000000000000E7393F
:10A20000BEF7FFFF59CE000000000000E739E73934
:10A21000000000000000000000000000000014A585
:10A22000FFFFBEF7AA52000000000000000000007F
:10A23000CF7BFFFFE73900002421FBDE5DEFAA5250
:10A2400000003084FFFFFFFFBEF7000000000000A9
:10A250000000B294FFFFFFFF96B500000000000071
:10A2600000000000000000000000000000000000EE
:10A2700000000000000000000000000000000000DE
:10A28000000000000000000000000000CF7BFFFF86
:10A29000BEF796B52C63E739000000005DEFFFFFC5
:10A2A000BEF700000000000000000000000096B5AE
:10A2B000FFFFBAD6CF7BAA52FFFFFFFF59CE0000A7
:10A2C00000000000000096B5BEF7000096B5FFFF45
:10A2D0005DEFB2942C6324210000E739FFFFFFFFFC
:10A2E00059CE000000000000000000000000000047
:10A2F000000000000000000000000000000000005E
:10A30000CF7BFFFFFFFF308400003084BEF7BEF735
:10A31000000000000000000000000000000000003D
:10A320003084FFFFBEF7B294000000000000000080
:10A33000BAD6FFFFCF7B00000000242159CEFFFFDB
:10A34000F7BDB29414A5F7BDFBDE2C6300002421F9
:10A35000F7BDFFFFFFFFF7BD000000000000000099
:10A3600000000000000000000000000000000000ED
:10A3700000000000000000000000000000000000DD
:10A380000000000000000000000000000000AA52D1
:10A39000FBDEFFFFFFFFFFFFFFFFFFFFFFFFFFFFF2
:10A3A000FFFFFFFFFFFFFFFFFFFF59CE2C63000001
:10A3B0002C63F7BDBEF7FFFFFFFFFFFFFFFFFFFFAF
:10A3C000FFFFFFFFFFFFFFFFFFFFAA520000CF7B51
:10A3D000BEF7FFFFFFFFFFFFFFFFFFFFFFFFFFFFD6
:10A3E000FFFFFFFFFFFFFFFFBEF7F7BDE7390000EC
:10A3F000000000000000000000000000000000005D
:10A4000000002C635DEFFFFF5DEFFFFFFFFFBAD69B
:10A41000000000000000000000000000000000003C
:10A420000000AA52BAD6FFFF5DEFF7BD96B55DEF0B
:10A43000FFFFBAD62C6300000000000000002C6370
:10A44000BAD6FFFF5DEFF7BD14A514A5BAD6FFFF7E
:10A45000FFFFBEF7B2940000000000000000000003
:10A4600000000000000000000000000000000000EC
:10A4700000000000000000000000000000000000DC
:10A4800000000000000000000000000000000000CC
:10A490000000CF7BF7BDBAD6BEF7FFFFBEF7BAD636
:10A4A000BAD659CE14A514A514A5FBDEFFFF2C6364
:10A4B00000000000000024212C632C632C632C631B
:10A4C0002C632C632C632C6396B5AA520000000009
:10A4D0002421308459CEBAD6FFFFFFFF5DEFBAD6F4
:10A4E000BAD6F7BD14A514A514A5BEF7BEF724214E
:10A4F000000000000000000000000000000000005C
:10A500000000000024213084F7BD59CEB2942421EC
:10A51000000000000000000000000000000000003B
:10A52000000000000000AA5214A5BAD659CE14A506
:10A53000E7390000000000000000000000000000FB
:10A540000000E739308414A559CEBAD6F7BD14A55A
:10A55000CF7B0000000000000000000000000000B1
:10A5600000000000000000000000000000000000EB
:10A5700000000000000000000000000000000000DB
:10A5800000000000000000000000000000000000CB
:10A5900000000000000000000000000000000000BB
:10A5A00000000000000000000000CF7BFFFF14A5AA
:10A5B000000000000000000000000000000000009B
:10A5C000000000000000000000000000000000008B
:10A5D000000000000000000000000000000000007B
:10A5E0000000000000000000000096B5FFFF2C6393
:10A5F000000000000000000000000000000000005B
:10A60000000000000000000000000000000000004A
:10A61000000000000000000000000000000000003A
:10A62000000000000000000000000000000000002A
:10A63000000000000000000000000000000000001A
:10A64000000000000000000000000000000000000A
:10A6500000000000000000000000000000000000FA
:10A6600000000000000000000000000000000000EA
:10A6700000000000000000000000000000000000DA
:10A6800000000000000000000000000000000000CA
:10A6900000000000000000000000000000000000BA
:10A6A00000000000000000000000AA52BEF7CF7BAF
:10A6B000000000000000000000000000000000009A
:10A6C000000000000000000000000000000000008A
:10A6D000000000000000000000000000000000007A
:10A6E000000000000000000000003084BEF7E739E1
:10A6F000000000000000000000000000000000005A
:10A700000000000000000000000000000000000049
:10A710000000000000000000000000000000000039
:10A720000000000000000000000000000000000029
:10A730000000000000000000000000000000000019
:10A740000000000000000000000000000000000009
:10A7500000000000000000000000000000000000F9
:10A7600000000000000000000000000000000000E9
:10A7700000000000000000000000000000000000D9
:10A7800000000000000000000000000000000000C9
:10A7900000000000000000000000000000000000B9
:10A7A00000000000000000000000000000000000A9
:10A7B0000000000000000000000000000000000099
:10A7C0000000000000000000000000000000000089
:10A7D0000000000000000000000000000000000079
:10A7E0000000000000000000000000000000000069
:10A7F0000000000000000000000000000000000059
:10A800000000000000000000000000000000000048
:10A810000000000000000000000000000000000038
:10A820000000000000000000000000000000000028
:10A830000000000000000000000000000000000018
:10A840000000000000000000000000000000000008
:10A8500000000000000000000000000000000000F8
:10A8600000000000000000000000000000000000E8
:10A8700000000000000000000000000000000000D8
:10A8800000000000000000000000000000000000C8
:10A8900000000000000000000000000000000000B8
:10A8A00000000000000000000000000000000000A8
:10A8B0000000000000000000000000000000000098
:10A8C0000000000000000000000000000000000088
:10A8D0000000000000000000000000000000000078
:10A8E0000000000000000000000000000000000068
:10A8F0000000000000000000000000000000000058
:10A900000000000000000000000000000000000047
:10A910000000000000000000000000000000000037
:10A920000000000000000000000000000000000027
:10A930000000000000000000000000000000000017
:10A940000000000000000000000000000000000007
:10A9500000000000000000000000000000000000F7
:10A9600000000000000000000000000000000000E7
:10A9700000000000000000000000000000000000D7
:10A9800000000000000000000000000000000000C7
:10A9900000000000000000000000000000000000B7
:10A9A00000000000000000000000000000000000A7
:10A9B0000000000000000000000000000000000097
:10A9C0000000000000000000000000000000000087
:10A9D0000000000000000000000000000000000077
:10A9E0000000000000000000000000000000000067
:10A9F0000000000000000000000000000000000057
:10AA00000000000000000000000000000000000046
:10AA10000000000000000000000000000000000036
:10AA20000000000000000000000000000000000026
:10AA30000000000000000000000000000000000016
:10AA40000000000000000000000000000000000006
:10AA500000000000000000000000000000000000F6
:10AA600000000000000000000000000000000000E6
:10AA700000000000000000000000000000000000D6
:10AA800000000000000000000000000000000000C6
:10AA900000000000000000000000000000000000B6
:10AAA00000000000000000000000000000000000A6
:10AAB0000000000000000000000000000000000096
:10AAC0000000000000000000000000000000000086
:10AAD0000000000000000000000000000000000076
:10AAE0000000000000000000000000000000000066
:10AAF0000000000000000000000000000000000056
:10AB00000000000000000000000000000000000045
:10AB10000000000000000000000000000000000035
:10AB20000000000000000000000000000000000025
:10AB30000000000000000000000000000000000015
:10AB40000000000000000000000000000000000005
:10AB500000000000000000000000000000000000F5
:10AB600000000000000000000000000000000000E5
:10AB700000000000000000000000000000000000D5
:10AB800000000000000000000000000000000000C5
:10AB900000000000000000000000000000000000B5
:10ABA00000000000000000000000000000000000A5
:10ABB0000000000000000000000000000000000095
:10ABC0000000000000000000000000000000000085
:10ABD0000000000000000000000000000000000075
:10ABE0000000000000000000000000000000000065
:10ABF0000000000000000000000000000000000055
:10AC00000000000000000000000000000000000044
:10AC10000000000000000000000000000000000034
:10AC20000000000000000000000000000000000024
:10AC30000000000000000000000000000000000014
:10AC40000000000000000000000000000000000004
:10AC500000000000000000000000000000000000F4
:10AC600000000000000000000000000000000000E4
:10AC700000000000000000000000000000000000D4
:10AC800000000000000000000000000000000000C4
:10AC900000000000000000000000000000000000B4
:10ACA00000000000000000000000000000000000A4
:10ACB0000000000000000000000000000000000094
:10ACC0000000000000000000000000000000000084
:10ACD0000000000000000000000000000000000074
:10ACE0000000000000000000000000000000000064
:10ACF0000000000000000000000000000000000054
:10AD00000000000000000000000000000000000043
:10AD10000000000000000000000000000000000033
:10AD20000000000000000000000000000000000023
:10AD30000000000000000000000000000000000013
:10AD40000000000000000000000000000000000003
:10AD500000000000000000000000000000000000F3
:10AD600000000000000000000000000000000000E3
:10AD700000000000000000000000000000000000D3
:10AD800000000000000000000000000000000000C3
:10AD900000000000000000000000000000000000B3
:10ADA00000000000000000000000000000000000A3
:10ADB0000000000000000000000000000000000093
:10ADC0000000000000000000000000000000000083
:10ADD0000000000000000000000000000000000073
:10ADE0000000000000000000000000000000000063
:10ADF0000000000000000000000000000000000053
:10AE00000000000000000000000000000000000042
:10AE10000000000000000000000000000000000032
:10AE20000000000000000000000000000000000022
:10AE30000000000000000000000000000000000012
:10AE40000000000000000000000000000000000002
:10AE500000000000000000000000000000000000F2
:10AE600000000000000000000000000000000000E2
:10AE700000000000000000000000000000000000D2
:10AE800000000000000000000000000000000000C2
:10AE900000000000000000000000000000000000B2
:10AEA00000000000000000000000000000000000A2
:10AEB0000000000000000000000000000000000092
:10AEC0000000000000000000000000000000000082
:10AED0000000000000000000000000000000000072
:10AEE0000000000000000000000000000000000062
:10AEF0000000000000000000000000000000000052
:10AF00000000000000000000000000000000000041
:10AF10000000000000000000000000000000000031
:10AF20000000000000000000000000000000000021
:10AF30000000000000000000000000000000000011
:10AF40000000000000000000000000000000000001
:10AF500000000000000000000000000000000000F1
:10AF600000000000000000000000000000000000E1
:10AF700000000000000000000000000000000000D1
:10AF800000000000000000000000000000000000C1
:10AF900000000000000000000000000000000000B1
:10AFA00000000000000000000000000000000000A1
:10AFB0000000000000000000000000000000000091
:10AFC0000000000000000000000000000000000081
:10AFD0000000000000000000000000000000000071
:10AFE0000000000000000000000000000000000061
:10AFF0000000000000000000000000000000000051
:10B000000000000000000000000000000000000040
:10B010000000000000000000000000000000000030
:10B020000000000000000000000000000000000020
:10B030000000000000000000000000000000000010
:10B040000000000000000000000000000000000000
:10B0500000000000000000000000000000000000F0
:10B0600000000000000000000000000000000000E0
:10B0700000000000000000000000000000000000D0
:10B0800000000000000000000000000000000000C0
:10B0900000000000000000000000000000000000B0
:10B0A00000000000000000000000000000000000A0
:10B0B0000000000000000000000000000000000090
:10B0C0000000000000000000000000000000000080
:10B0D0000000000000000000000000000000000070
:10B0E0000000000000000000000000000000000060
:10B0F0000000000000000000000000000000000050
:10B10000000000000000000000000000000000003F
:10B11000000000000000000000000000000000002F
:10B12000000000000000000000000000000000001F
:10B13000000000000000000000000000000000000F
:10B1400000000000000000000000000000000000FF
:10B1500000000000000000000000000000000000EF
:10B1600000000000000000000000000000000000DF
:10B1700000000000000000000000000000000000CF
:10B1800000000000000000000000000000000000BF
:10B1900000000000000000000000000000000000AF
:10B1A000000000000000000000000000000000009F
:10B1B000000000000000000000000000000000008F
:10B1C000000000000000000000000000000000007F
:10B1D000000000000000000000000000000000006F
:10B1E000000000000000000000000000000000005F
:10B1F000000000000000000000000000000000004F
:10B20000000000000000000000000000000000003E
:10B21000000000000000000000000000000000002E
:10B22000000000000000000000000000000000001E
:10B23000000000000000000000000000000000000E
:10B2400000000000000000000000000000000000FE
:10B2500000000000000000000000000000000000EE
:10B2600000000000000000000000000000000000DE
:10B2700000000000000000000000000000000000CE
:10B2800000000000000000000000000000000000BE
:10B2900000000000000000000000000000000000AE
:10B2A000000000000000000000000000000000009E
:10B2B000000000000000000000000000000000008E
:10B2C000000000000000000000000000000000007E
:10B2D000000000000000000000000000000000006E
:10B2E000000000000000000000000000000000005E
:10B2F000000000000000000000000000000000004E
:10B30000000000000000000000000000000000003D
:10B31000000000000000000000000000000000002D
:10B32000000000000000000000000000000000001D
:10B33000000000000000000000000000000000000D
:10B3400000000000000000000000000000000000FD
:10B3500000000000000000000000000000000000ED
:10B3600000000000000000000000000000000000DD
:10B3700000000000000000000000000000000000CD
:10B3800000000000000000000000000000000000BD
:10B3900000000000000000000000000000000000AD
:10B3A000000000000000000000000000000000009D
:10B3B000000000000000000000000000000000008D
:10B3C000000000000000000000000000000000007D
:10B3D000000000000000000000000000000000006D
:10B3E000000000000000000000000000000000005D
:10B3F000000000000000000000000000000000004D
:10B40000000000000000000000000000000000003C
:10B41000000000000000000000000000000000002C
:10B42000000000000000000000000000000000001C
:10B43000000000000000000000000000000000000C
:10B4400000000000000000000000000000000000FC
:10B4500000000000000000000000000000000000EC
:10B4600000000000000000000000000000000000DC
:10B4700000000000000000000000000000000000CC
:10B4800000000000000000000000000000000000BC
:10B4900000000000000000000000000000000000AC
:10B4A000000000000000000000000000000000009C
:10B4B000000000000000000000000000000000008C
:10B4C000000000000000000000000000000000007C
:10B4D000000000000000000000000000000000006C
:10B4E000000000000000000000000000000000005C
:10B4F000000000000000000000000000000000004C
:10B50000000000000000000000000000000000003B
:10B51000000000000000000000000000000000002B
:10B52000000000000000000000000000000000001B
:10B53000000000000000000000000000000000000B
:10B5400000000000000000000000000000000000FB
:10B5500000000000000000000000000000000000EB
:10B5600000000000000000000000000000000000DB
:10B5700000000000000000000000000000000000CB
:10B5800000000000000000000000000000000000BB
:10B590000000000000000000E7392C632C632C63DE
:10B5A0002421000000000000000000000000000056
:10B5B000000000000000000000000000000000008B
:10B5C000000000000000000000000000000000007B
:10B5D000000000000000000000000000000000006B
:10B5E000000000000000000000000000000000005B
:10B5F000000000000000000000000000000000004B
:10B60000000000000000000000000000000000003A
:10B61000000000000000000000000000000000002A
:10B62000000000000000000000000000000000001A
:10B63000000000000000000000000000000000000A
:10B6400000000000000000000000000000000000FA
:10B6500000000000000000000000000000000000EA
:10B6600000000000000000000000000000000000DA
:10B6700000000000000000000000000000000000CA
:10B6800000000000000000000000000000000000BA
:10B690000000E739F7BDBEF7BEF7BAD6BAD6BEF797
:10B6A000FFFF5DEFF7BDAA520000000000000000A0
:10B6B00000000000000000003084FBDEFFFFFFFF01
:10B6C000BEF7F7BD2C630000000000000000000082
:10B6D000E739F7BD5DEFFFFFFFFFBEF759CE3084BE
:10B6E00024210000AA52BAD6BAD6BAD6BAD6BAD649
:10B6F000BAD6BAD60000000000000000000000002A
:10B70000242114A5FBDEFFFFFFFF5DEF14A524211C
:10B71000000096B5BAD6BAD6BAD6BAD6BAD6BAD67E
:10B720003084000000003084BAD6BAD6BAD6BAD671
:10B73000BAD6BAD696B5000000000000000000009E
:10B7400000000000CF7B59CE5DEFFFFFFFFFFBDE67
:10B75000F7BDAA5200000000000000000000000039
:10B7600000000000000000000000000000000000D9
:10B7700000000000000000000000000000000000C9
:10B780000000000000000000000000000000242174
:10B7900096B5FFFFF7BDAA5200000000000024216B
:10B7A000FFFFFFFFFFFFFFFF59CE24210000000035
:10B7B000000000000000F7BDFFFFFFFFFFFFFFFFDD
:10B7C000FFFFFFFFFFFF96B5000000000000CF7BEA
:10B7D000FFFFFFFFFFFFFFFFFFFFFFFFFFFFFFFF79
:10B7E000BEF714A52C63FFFFFFFFFFFFFFFFFFFF66
:10B7F000FFFFFFFF00000000000000000000308499
:10B80000BEF7FFFFFFFFFFFFFBDE14A5FBDE5DEFD2
:10B81000AA52BAD6FFFFFFFFFFFFFFFFFFFFFFFFA8
:10B8200014A50000000014A5FFFFFFFFFFFFFFFFAE
:10B83000FFFFFFFFBAD6000000000000000000007C
:10B84000E739BAD6FFFFFFFFFFFF14A50000E73975
:10B85000B2945DEF59CE24210000000000000000EA
:10B8600000000000000000000000000000000000D8
:10B8700000000000000000000000000000000000C8
:10B880000000000000000000000000002421FBDE9A
:10B89000FBDEAA52000000000000000000002C6344
:10B8A000FFFFFFFFFFFFFFFFFFFFFBDE00000000C9
:10B8B000000000003084FFFFFFFFFFFFFFFFFFFFDE
:10B8C000FFFFB294E739FBDEB29400002421BEF7FB
:10B8D000FFFFFFFFFFFFFFFFFFFFBEF72421000078
:10B8E00030845DEFBEF7FFFFFFFFFFFFFFFFFFFFAD
:10B8F000FFFFFFFF00000000000000003084FFFF9A
:10B90000FFFFFFFFFFFFFFFF2C6300000000B2946A
:10B91000BEF75DEFFFFFFFFFFFFFFFFFFFFFFFFF32
:10B9200014A50000000014A5FFFFFFFFFFFFFFFFAD
:10B93000FFFFFFFFBAD60000000000000000AA527F
:10B94000BEF7FFFFFFFFFFFFFFFF14A50000000091
:10B950000000000014A5FBDE242100000000000010
:10B9600000000000000000000000000000000000D7
:10B9700000000000000000000000000000000000C7
:10B98000000000000000000000000000E73959CE70
:10B99000242100000000000000000000E739BEF78D
:10B9A000FFFFFFFFFFFFFFFFFFFFFFFF14A50000EA
:10B9B00000000000BAD6FFFFFFFFFFFFFFFFFFFF01
:10B9C000FFFF2C630000E7395DEF2421CF7BFFFFF1
:10B9D000FFFFFFFFFFFFFFFFFFFFBAD600000000E1
:10B9E0000000000096B5FFFFFFFFFFFFFFFFFFFF16
:10B9F000FFFFFFFF0000000000002C63FFFFFFFFC0
:10BA0000FFFFFFFFFFFFFFFF2C63000000000000AF
:10BA10003084FFFFFFFFFFFFFFFFFFFFFFFFFFFF80
:10BA200014A50000000014A5FFFFFFFFFFFFFFFFAC
:10BA3000FFFFFFFFBAD60000000000002421BEF780
:10BA4000FFFFFFFFFFFFFFFFFFFF14A50000000047
:10BA5000000000000000B294BAD600000000000010
:10BA600000000000000000000000000000000000D6
:10BA700000000000000000000000000000000000C6
:10BA800000000000000000000000000000000000B6
:10BA9000000000000000000000002421FBDEFFFF8A
:10BAA000FFFFFFFFFFFFFFFFFFFFFFFF5DEF000056
:10BAB00000000000FFFFFFFFFFFFFFFFFFFFFFFF92
:10BAC000FFFF2C6300000000F7BD2C6314A5FFFFEF
:10BAD000FFFFFFFFFFFFFFFFFFFFBAD600000000E0
:10BAE000000000002C63FFFFFFFFFFFFFFFFFFFFD1
:10BAF000FFFFFFFF0000000000005DEFFFFFFFFF02
:10BB0000FFFFFFFFFFFFFFFF2C63000000000000AE
:10BB10000000BAD6FFFFFFFFFFFFFFFFFFFFFFFFA1
:10BB200014A50000000014A5FFFFFFFFFFFFFFFFAB
:10BB3000FFFFFFFFBAD6000000000000F7BDFFFFC7
:10BB4000FFFFFFFFFFFFFFFFFFFF14A50000000046
:10BB50000000000000000000BAD6308400000000A1
:10BB600000000000000000000000000000000000D5
:10BB700000000000000000000000000000000000C5
:10BB800000000000000000000000000000000000B5
:10BB900000000000000000002421FBDEFFFFFFFF8B
:10BBA000FFFFFFFFFFFFFFFFFFFFFFFFFFFF0000A3
:10BBB00000000000FFFFFFFFFFFFFFFFFFFFFFFF91
:10BBC000FFFF2C63000000000000000014A5FFFF31
:10BBD000FFFFFFFFFFFFFFFFFFFFBAD600000000DF
:10BBE000000000002C63FFFFFFFFFFFFFFFFFFFFD0
:10BBF000FFFFFFFF00000000CF7BFFFFFFFFFFFF05
:10BC0000FFFFFFFFFFFFFFFF2C63000000000000AD
:10BC10000000BAD6FFFFFFFFFFFFFFFFFFFFFFFFA0
:10BC200014A50000000014A5FFFFFFFFFFFFFFFFAA
:10BC3000FFFFFFFFBAD6000000002421FFFFFFFF37
:10BC4000FFFFFFFFFFFFFFFFFFFF14A50000000045
:10BC500000000000000000002C63BAD600000000C5
:10BC600000000000000000000000000000000000D4
:10BC700000000000000000000000000000000000C4
:10BC800000000000000000000000000000000000B4
:10BC90000000000000002421FBDEFFFFFFFFFFFF8C
:10BCA000FFFFFFFFFFFFFFFFFFFFFFFFBEF70000EB
:10BCB00000000000FFFFFFFFFFFFFFFFFFFFFFFF90
:10BCC000FFFF2C63000000000000000014A5FFFF30
:10BCD000FFFFFFFFFFFFFFFFFFFFBAD600000000DE
:10BCE000000000002C63FFFFFFFFFFFFFFFFFFFFCF
:10BCF000FFFFFFFF0000000096B5FFFFFFFFFFFF03
:10BD0000FFFFFFFFFFFFFFFF2C63000000000000AC
:10BD10000000BAD6FFFFFFFFFFFFFFFFFFFFFFFF9F
:10BD200014A50000000014A5FFFFFFFFFFFFFFFFA9
:10BD3000FFFFFFFFBAD600000000CF7BFFFFFFFF31
:10BD4000FFFFFFFFFFFFFFFFFFFF14A50000000044
:10BD500000000000000000000000BEF724210000E9
:10BD600000000000000000000000000000000000D3
:10BD700000000000000000000000000000000000C3
:10BD800000000000000000000000000000000000B3
:10BD9000000000002421FBDEFFFFFFFFFFFFFFFF8D
:10BDA000FFFFFFFFFFFFFFFFFFFFFFFFF7BD0000EB
:10BDB00000000000FFFFFFFFFFFFFFFFFFFFFFFF8F
:10BDC000FFFF2C63000000000000000014A5FFFF2F
:10BDD000FFFFFFFFFFFFFFFFFFFFBAD600000000DD
:10BDE000000000002C63FFFFFFFFFFFFFFFFFFFFCE
:10BDF000FFFFFFFF00000000BAD6FFFFFFFFFFFFBD
:10BE0000FFFFFFFFFFFFFFFF2C63000000000000AB
:10BE10000000BAD6FFFFFFFFFFFFFFFFFFFFFFFF9E
:10BE200014A50000000014A5FFFFFFFFFFFFFFFFA8
:10BE3000FFFFFFFFBAD60000000014A5FFFFFFFFC1
:10BE4000FFFFFFFFFFFFFFFFFFFF14A50000000043
:10BE500000000000000000000000BAD62C630000C3
:10BE600000000000000000000000000000000000D2
:10BE700000000000000000000000000000000000C2
:10BE800000000000000000000000000000000000B2
:10BE900000000000F7BDFFFFFFFFFFFFFFFFFFFFF8
:10BEA000FFFFFFFFFFFFFFFFFFFFFFFFE73900007E
:10BEB00000000000FFFFFFFFFFFFFFFFFFFFFFFF8E
:10BEC000FFFF2C63000000000000000014A5FFFF2E
:10BED000FFFFFFFFFFFFFFFFFFFFBAD600000000DC
:10BEE000000000002C63FFFFFFFFFFFFFFFFFFFFCD
:10BEF000FFFFFFFF00000000BAD6FFFFFFFFFFFFBC
:10BF0000FFFFFFFFFFFFFFFF2C63000000000000AA
:10BF10000000BAD6FFFFFFFFFFFFFFFFFFFFFFFF9D
:10BF200014A50000000014A5FFFFFFFFFFFFFFFFA7
:10BF3000FFFFFFFFBAD60000000014A5FFFFFFFFC0
:10BF4000FFFFFFFFFFFFFFFFFFFF14A50000000042
:10BF500000000000000000000000BAD62C630000C2
:10BF600000000000000000000000000000000000D1
:10BF700000000000000000000000000000000000C1
:10BF800000000000000000000000000000000000B1
:10BF9000000096B5FFFFFFFFFFFFFFFFFFFFFFFF62
:10BFA000FFFFFFFFFFFFFFFFFFFF14A500000000E2
:10BFB00000000000FFFFFFFFFFFFFFFFFFFFFFFF8D
:10BFC000FFFF2C63000000000000000014A5FFFF2D
:10BFD000FFFFFFFFFFFFFFFFFFFFBAD600000000DB
:10BFE000000000002C63FFFFFFFFFFFFFFFFFFFFCC
:10BFF000FFFFFFFF00000000BAD6FFFFFFFFFFFFBB
:10C00000FFFFFFFFFFFFFFFF2C63000000000000A9
:10C010000000BAD6FFFFFFFFFFFFFFFFFFFFFFFF9C
:10C0200014A50000000014A5FFFFFFFFFFFFFFFFA6
:10C03000FFFFFFFFBAD600000000B294FFFFFFFF32
:10C04000FFFFFFFFFFFFFFFFFFFF14A50000000041
:10C05000000000000000000000005DEFE739000074
:10C0600000000000000000000000000000000000D0
:10C0700000000000000000000000000000000000C0
:10C0800000000000000000000000000000000000B0
:10C09000CF7BFFFFFFFFFFFFFFFFFFFFFFFFFFFF64
:10C0A000FFFFFFFFFFFFFFFF59CE00000000000071
:10C0B00000000000FFFFFFFFFFFFFFFFFFFFFFFF8C
:10C0C000FFFF2C63000000000000000014A5FFFF2C
:10C0D000FFFFFFFFFFFFFFFFFFFFBAD600000000DA
:10C0E000000000002C63FFFFFFFFFFFFFFFFFFFFCB
:10C0F000FFFFFFFF0000000014A5FFFFFFFFFFFF91
:10C10000FFFFFFFFFFFFFFFF2C63000000000000A8
:10C110000000BAD6FFFFFFFFFFFFFFFFFFFFFFFF9B
:10C1200014A50000000014A5FFFFFFFFFFFFFFFFA5
:10C13000FFFFFFFFBAD600000000AA52FFFFFFFF7B
:10C14000FFFFFFFFFFFFFFFFFFFF14A50000000040
:10C150000000000000000000E739BEF7000000000A
:10C1600000000000000000000000000000000000CF
:10C1700000000000000000000000000000000000BF
:10C18000000000000000000000000000000024216A
:10C19000BEF7FFFFFFFFFFFFFFFFFFFFFFFFFFFFF8
:10C1A000FFFFFFFFFFFFFBDE242100000000000077
:10C1B00000000000FFFFFFFFFFFFFFFFFFFFFFFF8B
:10C1C000FFFF2C63000000000000000014A5FFFF2B
:10C1D000FFFFFFFFFFFFFFFFFFFFBAD600000000D9
:10C1E000000000002C63FFFFFFFFFFFFFFFFFFFFCA
:10C1F000FFFFFFFF00000000AA52FFFFFFFFFFFF4D
:10C20000FFFFFFFFFFFFFFFF2C63000000000000A7
:10C210000000BAD6FFFFFFFFFFFFFFFFFFFFFFFF9A
:10C2200014A50000000014A5FFFFFFFFFFFFFFFFA4
:10C23000FFFFFFFFBAD60000000000005DEFFFFF28
:10C24000FFFFFFFFFFFFFFFFFFFF14A5000000003F
:10C25000000000000000000014A596B500000000DA
:10C2600000000000000000000000000000000000CE
:10C2700000000000000000000000000000000000BE
:10C28000000000000000000000000000000014A5F5
:10C29000FFFFFFFFFFFFFFFFFFFFFFFFFFFFFFFFAE
:10C2A000FFFFFFFF5DEF2421000000000000000001
:10C2B00000000000FFFFFFFFFFFFFFFFFFFFFFFF8A
:10C2C000FFFF2C63000000000000000014A5FFFF2A
:10C2D000FFFFFFFFFFFFFFFFFFFFBAD600000000D8
:10C2E000000000002C63FFFFFFFFFFFFFFFFFFFFC9
:10C2F000FFFFFFFF00000000000059CEFFFFFFFF1F
:10C30000FFFFFFFFFFFFFFFF2C63000000000000A6
:10C310000000BAD6FFFFFFFFFFFFFFFFFFFFFFFF99
:10C3200014A50000000014A5FFFFFFFFFFFFFFFFA3
:10C33000FFFFFFFFBAD6000000000000CF7BFFFF29
:10C34000FFFFFFFFFFFFFFFFFFFF14A5000000003E
:10C35000000000000000AA525DEF24210000000050
:10C3600000000000000000000000000000000000CD
:10C3700000000000000000000000000000000000BD
:10C3800000000000000000000000000000005DEF61
:10C39000FFFFFFFFFFFFFFFFFFFFFFFFFFFFFFFFAD
:10C3A000FFFFBEF7AA5200000000000000000000DE
:10C3B00000000000FFFFFFFFFFFFFFFFFFFFFFFF89
:10C3C000FFFF2C63000000000000000014A5FFFF29
:10C3D000FFFFFFFFFFFFFFFFFFFFBAD600000000D7
:10C3E000000000002C63FFFFFFFFFFFFFFFFFFFFC8
:10C3F000FFFFFFFF00000000000024215DEFFFFFB2
:10C40000FFFFFFFFFFFFFFFF2C63000000000000A5
:10C4100024215DEFFFFFFFFFFFFFFFFFFFFFFFFF97
:10C4200014A50000000014A5FFFFFFFFFFFFFFFFA2
:10C43000FFFFFFFFBAD60000000000000000F7BDBC
:10C44000FFFFFFFFFFFFFFFFFFFF14A5000000003D
:10C4500000000000AA52BEF7308400000000000077
:10C4600000000000000000000000000000000000CC
:10C4700000000000000000000000000000000000BC
:10C480000000000000000000000000000000FFFFAE
:10C49000FFFFFFFFFFFFFFFFFFFFFFFFFFFFFFFFAC
:10C4A000BEF7AA52000000000000000000000000DB
:10C4B00000000000FFFFFFFFFFFFFFFFFFFFFFFF88
:10C4C000FFFF2C63000000000000000014A5FFFF28
:10C4D000FFFFFFFFFFFFFFFFFFFFBAD600000000D6
:10C4E000000000002C63FFFFFFFFFFFFFFFFFFFFC7
:10C4F000FFFFFFFF0000000000000000AA52FBDE6B
:10C50000FFFFFFFFFFFFFFFF2C63000000002C6315
:10C51000FBDE5DEFFFFFFFFFFFFFFFFFFFFFFFFF02
:10C5200014A50000000014A5FFFFFFFFFFFFFFFFA1
:10C53000FFFFFFFFBAD6000000000000000000006F
:10C5400096B5FFFFFFFFFFFFFFFF14A500000000EF
:10C550000000B2945DEF3084000000000000000095
:10C5600000000000000000000000000000000000CB
:10C5700000000000000000000000000000000000BB
:10C580000000000000000000000000000000FFFFAD
:10C59000FFFFFFFFFFFFFFFFFFFFFFFFFFFFFFFFAB
:10C5A000AA52000000000000000000000000E7396F
:10C5B000BAD6BAD6FFFFFFFFFFFFFFFFFFFFFFFF67
:10C5C000FFFFFBDEBAD6BAD63084000014A5FFFF09
:10C5D000FFFFFFFFFFFFFFFFFFFFBAD600000000D5
:10C5E000000000002C63FFFFFFFFFFFFFFFFFFFFC6
:10C5F000FFFFFFFF000000000000000000002421FA
:10C6000014A5BEF7FFFFFFFFFBDE14A5FBDEBAD6C5
:10C61000E739BAD6FFFFFFFFFFFFFFFFFFFFFFFF76
:10C6200014A50000000014A5FFFFFFFFFFFFFFFFA0
:10C63000FFFFFFFFBAD6000000000000000000006E
:10C6400000002C63BAD6FFFFFFFFBAD614A5F7BDD2
:10C65000BEF7F7BDE7390000000000000000000051
:10C6600000000000000000000000000000000000CA
:10C6700000000000000000000000000000000000BA
:10C68000000000000000000000000000000059CE83
:10C69000FFFFFFFFFFFFFFFFFFFFFFFFFFFF3084F4
:10C6A0000000000000000000000000000000242145
:10C6B0002C632C63FFFFFFFFFFFFFFFFFFFFFFFF68
:10C6C000FFFF2C632C632C63E7390000E7392C63F0
:10C6D0002C632C632C632C632C63AA520000000093
:10C6E0000000000024212C632C632C632C632C633A
:10C6F0002C632C630000000000000000000000001C
:10C70000000000002C6314A514A53084E739000054
:10C710000000BAD6FFFFFFFFFFFFFFFFFFFFFFFF95
:10C7200014A500000000E7392C632C632C632C63F4
:10C730002C632C63AA5200000000000000000000DF
:10C74000000000000000E739308414A514A5CF7B59
:10C750002421000000000000000000000000000094
:10C7600000000000000000000000000000000000C9
:10C7700000000000000000000000000000000000B9
:10C780000000000000000000000000000000AA52AD
:10C79000FFFFFFFFFFFFFFFFFFFFFFFF14A50000EC
:10C7A0000000000000000000AA52AA520000000091
:10C7B00000000000FFFFFFFFFFFFFFFFFFFFFFFF85
:10C7C000FFFF242100000000000000000000000026
:10C7D0000000000000000000000000000000000059
:10C7E0000000000000000000000000000000000049
:10C7F0000000000000000000000000000000000039
:10C800000000000000000000000000000000000028
:10C810000000BAD6FFFFFFFFFFFFFFFFFFFFFFFF94
:10C8200014A50000000000002421308414A514A5E4
:10C830003084E73900000000000000000000000024
:10C8400000000000000000000000000000000000E8
:10C8500000000000000000000000000000000000D8
:10C8600000000000000000000000000000000000C8
:10C8700000000000000000000000000000000000B8
:10C8800000000000000000000000000000000000A8
:10C890003084FFFFFFFFFFFFFFFFFFFF24210000A9
:10C8A000000000000000B294FFFF2C6300000000B5
:10C8B00000000000E73914A55DEFFFFFFFFFFFFF59
:10C8C000FFFF2C63000000000000000000000000DB
:10C8D0000000000000000000000000000000000058
:10C8E0000000000000000000000000000000000048
:10C8F0000000000000000000000000000000000038
:10C900000000000000000000000000000000000027
:10C910000000BAD6FFFFFFFFFFFFFFFFFFFFFFFF93
:10C9200014A500000000E739BEF7FFFFFFFFFFFF7F
:10C93000FFFFBEF7CF7B00000000000000000000FA
:10C9400000000000000000000000000000000000E7
:10C9500000000000000000000000000000000000D7
:10C9600000000000000000000000000000000000C7
:10C9700000000000000000000000000000000000B7
:10C9800000000000000000000000000000000000A7
:10C990000000AA52BAD6FFFFFFFFFFFF14A52C63C9
:10C9A0002C6396B55DEFBAD6AA52000000000000D5
:10C9B0000000000000000000000030845DEFFFFF79
:10C9C000FFFF2C63000000000000000000000000DA
:10C9D0000000000000000000000000000000000057
:10C9E0000000000000000000000000000000000047
:10C9F0000000000000000000000000000000000037
:10CA00000000000000000000000000000000000026
:10CA10000000BAD6FFFFFFFFFFFFFFFFFFFFFFFF92
:10CA200014A50000000014A5FFFFFFFFFFFFFFFF9C
:10CA3000FFFFFFFFBAD6000000000000000000006A
:10CA400000000000000000000000000000000000E6
:10CA500000000000000000000000000000000000D6
:10CA600000000000000000000000000000000000C6
:10CA700000000000000000000000000000000000B6
:10CA800000000000000000000000000000000000A6
:10CA9000000000000000E739B294F7BDBAD6BAD65C
:10CAA00059CE14A5AA5200000000000000000000AA
:10CAB00000000000000000000000000000003084C2
:10CAC0005DEF2C630000000000000000000000008B
:10CAD0000000000000000000000000000000000056
:10CAE0000000000000000000000000000000000046
:10CAF0000000000000000000000000000000000036
:10CB00000000000000000000000000000000000025
:10CB10000000AA522C632C632C632C632C632C63BF
:10CB2000E739000000002C63FFFFFFFFFFFFFFFF5E
:10CB3000FFFFFFFF14A50000000000000000000040
:10CB400000000000000000000000000000000000E5
:10CB500000000000000000000000000000000000D5
:10CB600000000000000000000000000000000000C5
:10CB700000000000000000000000000000000000B5
:10CB800000000000000000000000000000000000A5
:10CB90000000000000000000000000000000000095
:10CBA0000000000000000000000000000000000085
:10CBB0000000000000000000000000000000000075
:10CBC00024212421000000000000000000000000DB
:10CBD0000000000000000000000000000000000055
:10CBE0000000000000000000000000000000000045
:10CBF0000000000000000000000000000000000035
:10CC00000000000000000000000000000000000024
:10CC10000000000000000000000000000000000014
:10CC200000000000000000002C63F7BDBAD6BAD6A1
:10CC300059CE308400000000000000000000000019
:10CC400000000000000000000000000000000000E4
:10CC500000000000000000000000000000000000D4
:10CC600000000000000000000000000000000000C4
:10CC700000000000000000000000000000000000B4
:10CC800000000000000000000000000000000000A4
:10CC90000000000000000000000000000000000094
:10CCA0000000000000000000000000000000000084
:10CCB0000000000000000000000000000000000074
:10CCC0000000000000000000000000000000000064
:10CCD0000000000000000000000000000000000054
:10CCE0000000000000000000000000000000000044
:10CCF0000000000000000000000000000000000034
:10CD00000000000000000000000000000000000023
:10CD10000000000000000000000000000000000013
:10CD20000000000000000000000000000000000003
:10CD300000000000000000000000000000000000F3
:10CD400000000000000000000000000000000000E3
:10CD500000000000000000000000000000000000D3
:10CD600000000000000000000000000000000000C3
:10CD700000000000000000000000000000000000B3
:10CD800000000000000000000000000000000000A3
:10CD90000000000000000000000000000000000093
:10CDA0000000000000000000000000000000000083
:10CDB0000000000000000000000000000000000073
:10CDC0000000000000000000000000000000000063
:10CDD0000000000000000000000000000000000053
:10CDE0000000000000000000000000000000000043
:10CDF0000000000000000000000000000000000033
:10CE00000000000000000000000000000000000022
:10CE10000000000000000000000000000000000012
:10CE20000000000000000000000000000000000002
:10CE300000000000000000000000000000000000F2
:10CE400000000000000000000000000000000000E2
:10CE500000000000000000000000000000000000D2
:10CE600000000000000000000000000000000000C2
:10CE700000000000000000000000000000000000B2
:10CE800000000000000000000000000000000000A2
:10CE90000000000000000000000000000000000092
:10CEA0000000000000000000000000000000000082
:10CEB0000000000000000000000000000000000072
:10CEC0000000000000000000000000000000000062
:10CED0000000000000000000000000000000000052
:10CEE0000000000000000000000000000000000042
:10CEF0000000000000000000000000000000000032
:10CF00000000000000000000000000000000000021
:10CF10000000000000000000000000000000000011
:10CF20000000000000000000000000000000000001
:10CF300000000000000000000000000000000000F1
:10CF400000000000000000000000000000000000E1
:10CF500000000000000000000000000000000000D1
:10CF600000000000000000000000000000000000C1
:10CF700000000000000000000000000000000000B1
:10CF800000000000000000000000000000000000A1
:10CF90000000000000000000000000000000000091
:10CFA0000000000000000000000000000000000081
:10CFB0000000000000000000000000000000000071
:10CFC0000000000000000000000000000000000061
:10CFD0000000000000000000000000000000000051
:10CFE0000000000000000000000000000000000041
:10CFF0000000000000000000000000000000000031
:10D000000000000000000000000000000000000020
:10D010000000000000000000000000000000000010
:10D020000000000000000000000000000000000000
:10D0300000000000000000000000000000000000F0
:10D0400000000000000000000000000000000000E0
:10D0500000000000000000000000000000000000D0
:10D0600000000000000000000000000000000000C0
:10D0700000000000000000000000000000000000B0
:10D0800000000000000000000000000000000000A0
:10D090000000000000000000000000000000000090
:10D0A0000000000000000000000000000000000080
:10D0B0000000000000000000000000000000000070
:10D0C0000000000000000000000000000000000060
:10D0D0000000000000000000000000000000000050
:10D0E0000000000000000000000000000000000040
:10D0F0000000000000000000000000000000000030
:10D10000000000000000000000000000000000001F
:10D11000000000000000000000000000000000000F
:10D1200000000000000000000000000000000000FF
:10D1300000000000000000000000000000000000EF
:10D1400000000000000000000000000000000000DF
:10D1500000000000000000000000000000000000CF
:10D1600000000000000000000000000000000000BF
:10D1700000000000000000000000000000000000AF
:10D18000000000000000000000000000000000009F
:10D19000000000000000000000000000000000008F
:10D1A000000000000000000000000000000000007F
:10D1B000000000000000000000000000000000006F
:10D1C000000000000000000000000000000000005F
:10D1D000000000000000000000000000000000004F
:10D1E000000000000000000000000000000000003F
:10D1F000000000000000000000000000000000002F
:10D20000000000000000000000000000000000001E
:10D21000000000000000000000000000000000000E
:10D2200000000000000000000000000000000000FE
:10D2300000000000000000000000000000000000EE
:10D2400000000000000000000000000000000000DE
:10D2500000000000000000000000000000000000CE
:10D2600000000000000000000000000000000000BE
:10D2700000000000000000000000000000000000AE
:10D28000000000000000000000000000000000009E
:10D29000000000000000000000000000000000008E
:10D2A000000000000000000000000000000000007E
:10D2B000000000000000000000000000000000006E
:10D2C000000000000000000000000000000000005E
:10D2D000000000000000000000000000000000004E
:10D2E000000000000000000000000000000000003E
:10D2F000000000000000000000000000000000002E
:10D30000000000000000000000000000000000001D
:10D31000000000000000000000000000000000000D
:10D3200000000000000000000000000000000000FD
:10D3300000000000000000000000000000000000ED
:10D3400000000000000000000000000000000000DD
:10D3500000000000000000000000000000000000CD
:10D3600000000000000000000000000000000000BD
:10D3700000000000000000000000000000000000AD
:10D38000000000000000000000000000000000009D
:10D39000000000000000000000000000000000008D
:10D3A000000000000000000000000000000000007D
:10D3B000000000000000000000000000000000006D
:10D3C000000000000000000000000000000000005D
:10D3D000000000000000000000000000000000004D
:10D3E000000000000000000000000000000000003D
:10D3F000000000000000000000000000000000002D
:10D40000000000000000000000000000000000001C
:10D41000000000000000000000000000000000000C
:10D4200000000000000000000000000000000000FC
:10D4300000000000000000000000000000000000EC
:10D4400000000000000000000000000000000000DC
:10D4500000000000000000000000000000000000CC
:10D4600000000000000000000000000000000000BC
:10D4700000000000000000000000000000000000AC
:10D48000000000000000000000000000000000009C
:10D49000000000000000000000000000000000008C
:10D4A000000000000000000000000000000000007C
:10D4B000000000000000000000000000000000006C
:10D4C000000000000000000000000000000000005C
:10D4D000000000000000000000000000000000004C
:10D4E000000000000000000000000000000000003C
:10D4F000000000000000000000000000000000002C
:10D50000000000000000000000000000000000001B
:10D51000000000000000000000000000000000000B
:10D5200000000000000000000000000000000000FB
:10D5300000000000000000000000000000000000EB
:10D5400000000000000000000000000000000000DB
:10D5500000000000000000000000000000000000CB
:10D5600000000000000000000000000000000000BB
:10D5700000000000000000000000000000000000AB
:10D58000000000000000000000000000000000009B
:10D59000000000000000000000000000000000008B
:10D5A000000000000000000000000000000000007B
:10D5B000000000000000000000000000000000006B
:10D5C000000000000000000000000000000000005B
:10D5D000000000000000000000000000000000004B
:10D5E000000000000000000000000000000000003B
:10D5F000000000000000000000000000000000002B
:10D60000000000000000000000000000000000001A
:10D61000000000000000000000000000000000000A
:10D6200000000000000000000000000000000000FA
:10D6300000000000000000000000000000000000EA
:10D6400000000000000000000000000000000000DA
:10D6500000000000000000000000000000000000CA
:10D6600000000000000000000000000000000000BA
:10D6700000000000000000000000000000000000AA
:10D680000000000024210000000000000000000055
:10D690000000000000000000000000000000242145
:10D6A000000000000000000000000000000000007A
:10D6B000000000000000000000000000000000006A
:10D6C000000000000000000000000000000000005A
:10D6D000000000000000000000000000000000004A
:10D6E000000000000000000000000000000000003A
:10D6F000000000000000000000000000000000002A
:10D700000000000000000000000000000000000019
:10D710000000000000000000000000000000000009
:10D7200000000000000000000000000000000000F9
:10D7300000000000000000000000000000000000E9
:10D7400000000000000000000000000000000000D9
:10D7500000000000000000000000000000000000C9
:10D7600000000000000000000000000000000000B9
:10D7700000000000000000000000000000000000A9
:10D7800000000000F7BD00000000000000000000E5
:10D79000000000000000000000000000242159CE1D
:10D7A0000000000000000000000000000000000079
:10D7B0000000000000000000000000000000000069
:10D7C0000000000000000000000000000000000059
:10D7D00000000000AA52000000000000000000004D
:10D7E0000000000000000000000000000000000039
:10D7F0000000000000000000000000000000000029
:10D800000000000000000000000000000000000018
:10D810000000000000000000000000000000000008
:10D8200000000000000000000000000000000000F8
:10D8300000000000000000000000000000000000E8
:10D8400000000000000000000000000000000000D8
:10D8500000000000000000000000000000000000C8
:10D8600000000000000000000000000000000000B8
:10D8700000000000000000000000000000000000A8
:10D880000000CF7BFFFF2C630000000000000000C1
:10D8900000000000000000000000000014A5FFFFD1
:10D8A000E739000000000000000000000000000058
:10D8B00000000000000000000000E73996B5FBDE24
:10D8C000FFFFFFFFBEF759CE308424210000000087
:10D8D000000000005DEFCF7B0000000000000000B2
:10D8E0000000000000000000000000000000E73918
:10D8F000BAD6BAD6BAD6BAD6BAD6BAD6BAD6BAD6A8
:10D90000BAD6BAD6242100000000000000003084FE
:10D9100059CE5DEFFFFFFFFF5DEFF7BD2C63000009
:10D92000000000000000000000000000242114A5F9
:10D930005DEFFFFFFFFF5DEF96B5E73900000000E8
:10D9400000000000000000000000000000000000D7
:10D9500000000000000000000000000000000000C7
:10D9600000000000000000000000000000000000B7
:10D9700000000000000000000000000000000000A7
:10D98000000059CEFFFF5DEF000000000000000026
:10D9900000000000000000000000E739FFFFFFFF6B
:10D9A000F7BD0000000000000000000000000000C3
:10D9B000000000000000000014A5FFFFFFFFBEF7FD
:10D9C000AA5200002421CF7BBAD6BEF7B294000041
:10D9D0000000000030845DEF242100000000000002
:10D9E0000000000000000000000000000000F7BD83
:10D9F000FFFFFFFFFFFFFFFFFFFFFFFFFFFFFFFF37
:10DA0000FFFF14A5000000000000AA52FBDEFFFF8C
:10DA1000FFFFFFFF59CE00002421CF7BBAD6BAD634
:10DA2000E73900000000000000002421FBDEFFFFBA
:10DA3000FFFFFFFFFFFFFFFFFFFFBEF73084000087
:10DA400000000000000000000000000000000000D6
:10DA500000000000000000000000000000000000C6
:10DA600000000000000000000000000000000000B6
:10DA700000000000000000000000000000000000A6
:10DA8000E739FFFFFFFFFFFF3084000000000000C8
:10DA900000000000000000000000F7BDFFFFFFFFD6
:10DAA000FFFF242100000000000000000000000033
:10DAB000000000000000F7BDFFFFFFFFFFFFBAD628
:10DAC000000000000000000000002C63BEF759CEEB
:10DAD000242100000000BAD6F7BD2C632C632C6310
:10DAE0002C632C632C632C632C632C633084FFFF2A
:10DAF000FFFFFFFFFFFFFFFFFFFFFFFFFFFFFFFF36
:10DB0000BEF7242100000000AA52BEF7FFFFFFFF6E
:10DB1000FFFFFFFF14A50000000000000000CF7B06
:10DB20005DEFAA52000000000000F7BDFFFFFFFFFD
:10DB3000FFFFFFFFFFFFFFFFAA522C63BEF7AA52B1
:10DB400000000000000000000000000000000000D5
:10DB500000000000000000000000000000000000C5
:10DB600000000000000000000000000000000000B5
:10DB700000000000000000000000000000000000A5
:10DB800014A5FFFFFFFFFFFFBEF7242100000000E8
:10DB90000000000000000000E739FFFFFFFFFFFF6B
:10DBA000FFFF14A5000000000000000000000000BE
:10DBB0000000000014A5FFFFFFFFFFFFFFFFBAD624
:10DBC0000000000000000000000000002421FBDE37
:10DBD000BAD6000000002C63FFFFFBDEBAD6BAD62F
:10DBE000BAD6BAD6BAD6BAD6BAD6BAD6BEF7FFFF22
:10DBF000FFFFFFFFFFFFFFFFFFFFFFFFFFFFFFFF35
:10DC0000B294000000002421BEF7FFFFFFFFFFFFDA
:10DC1000FFFFFFFF14A5000000000000000000004F
:10DC2000AA525DEFAA5200000000FFFFFFFFFFFFB6
:10DC3000FFFFFFFFFFFFFFFF00000000CF7BBAD612
:10DC400000000000000000000000000000000000D4
:10DC500000000000000000000000000000000000C4
:10DC600000000000000000000000000000000000B4
:10DC700000000000000000000000000000000000A4
:10DC80005DEFFFFFFFFFFFFFFFFF14A50000000097
:10DC90000000000000000000F7BDFFFFFFFFFFFFD6
:10DCA000FFFFBEF7000000000000000000000000C1
:10DCB0000000E739FFFFFFFFFFFFFFFFFFFFBAD6BE
:10DCC0000000000000000000000000000000AA5258
:10DCD000BEF7AA5200000000F7BDF7BD000000002B
:10DCE00000000000000000000000AA52FFFFFFFF3C
:10DCF000FFFFFFFFFFFFFFFFFFFFFFFFFFFF5DEFE6
:10DD0000000000000000F7BDFFFFFFFFFFFFFFFF67
:10DD1000FFFFFFFF14A5000000000000000000004E
:10DD20000000B29459CE00002C63FFFFFFFFFFFFFD
:10DD3000FFFFFFFFFFFFFFFF0000000000005DEF9F
:10DD400000000000000000000000000000000000D3
:10DD500000000000000000000000000000000000C3
:10DD600000000000000000000000000000000000B3
:10DD70000000000000000000000000000000CF7B59
:10DD8000FFFFFFFFFFFFFFFFFFFFBEF724210000A3
:10DD90000000000000002C63FFFFFFFFFFFFFFFFFC
:10DDA000FFFFFFFF308400000000000000000000C3
:10DDB000000014A5FFFFFFFFFFFFFFFFFFFFBAD624
:10DDC0000000000000000000000000000000000053
:10DDD000E7390000000000002421BEF7AA5200002D
:10DDE00000000000000000000000BAD6FFFFFFFFA7
:10DDF000FFFFFFFFFFFFFFFFFFFFFFFFFFFFCF7BE7
:10DE0000000000002421FFFFFFFFFFFFFFFFFFFFD7
:10DE1000FFFFFFFF14A5000000000000000000004D
:10DE200000000000E73900002C63FFFFFFFFFFFF49
:10DE3000FFFFFFFFFFFFFFFF0000000000000000EA
:10DE400000000000000000000000000000000000D2
:10DE500000000000000000000000000000000000C2
:10DE600000000000000000000000000000000000B2
:10DE70000000000000000000000000000000BAD612
:10DE8000FFFFFFFFFFFFFFFFFFFFFFFFF7BD0000EA
:10DE9000000000000000BAD6FFFFFFFFFFFFFFFFFA
:10DEA000FFFFFFFF5DEF000000000000000000002A
:10DEB0000000FBDEFFFFFFFFFFFFFFFFFFFFBAD603
:10DEC0000000000000000000000000000000000052
:10DED00000000000000000000000B294BAD600006C
:10DEE00000000000000000002C63FFFFFFFFFFFFA9
:10DEF000FFFFFFFFFFFFFFFFFFFFFFFFBAD600009E
:10DF000000000000CF7BFFFFFFFFFFFFFFFFFFFFD1
:10DF1000FFFFFFFF14A5000000000000000000004C
:10DF200000000000000000002C63FFFFFFFFFFFF68
:10DF3000FFFFFFFFFFFFFFFF0000000000000000E9
:10DF400000000000000000000000000000000000D1
:10DF500000000000000000000000000000000000C1
:10DF600000000000000000000000000000000000B1
:10DF7000000000000000000000000000E739FFFF83
:10DF8000FFFFFFFFFFFFFFFFFFFFFFFFFFFFE7397F
:10DF9000000000002C63FFFFFFFFFFFFFFFFFFFFFC
:10DFA000FFFFFFFFFFFF2C630000000000000000E8
:10DFB0000000FFFFFFFFFFFFFFFFFFFFFFFFFBDE94
:10DFC0002C632C632C632C632C632C632C632C63D9
:10DFD0002C63AA5200000000000000005DEFCF7B20
:10DFE0000000000000000000BAD6FFFFFFFFFFFFA7
:10DFF000FFFFFFFFFFFFFFFFFFFFFFFF2C6300009E
:10E000000000000014A5FFFFFFFFFFFFFFFFFFFF61
:10E01000FFFFFFFF14A5000000000000000000004B
:10E0200000000000000000002C63FFFFFFFFFFFF67
:10E03000FFFFFFFFFFFFFFFF0000000000000000E8
:10E0400000000000000000000000000000000000D0
:10E0500000000000000000000000000000000000C0
:10E0600000000000000000000000000000000000B0
:10E0700000000000000000000000000096B5FFFF57
:10E08000FFFFFFFFFFFFFFFFFFFFFFFFFFFFBAD60E
:10E09000000000005DEFFFFFFFFFFFFFFFFFFFFF3E
:10E0A000FFFFFFFFFFFFBAD60000000000000000E6
:10E0B0000000FFFFFFFFFFFFFFFFFFFFFFFFBEF7B7
:10E0C000BAD6BAD6BAD6FBDEFFFFFFFFFFFFFFFFCF
:10E0D000FFFFBAD600000000000000002C635DEFD7
:10E0E0002421000000003084FFFFFFFFFFFFFFFF3F
:10E0F000FFFFFFFFFFFFFFFFFFFFF7BD0000000076
:10E100000000000014A5FFFFFFFFFFFFFFFFFFFF60
:10E11000FFFFFFFF14A5000000000000000000004A
:10E1200000000000000000002C63FFFFFFFFFFFF66
:10E13000FFFFFFFFFFFFFFFF0000000000000000E7
:10E1400000000000000000000000000000000000CF
:10E1500000000000000000000000000000000000BF
:10E1600000000000000000000000000000000000AF
:10E17000000000000000000000000000BEF7FFFFEC
:10E18000FFFFFFFFFFFFFFFFFFFFFFFFFFFFFFFF9F
:10E190002C63B294FFFFFFFFFFFFFFFFFFFFFFFFB6
:10E1A000FFFFFFFFFFFFBEF7AA52000000000000C4
:10E1B00000005DEFFFFFFFFFFFFFFFFFFFFFBAD68D
:10E1C0000000000000002C63FFFFFFFFFFFFFFFFC8
:10E1D000FFFFF7BD0000000000000000000059CE66
:10E1E00014A5000000005DEFFFFFFFFFFFFFFFFF32
:10E1F000FFFFFFFFFFFFFFFFBEF7E7390000000052
:10E2000000000000B294FFFFFFFFFFFFFFFFFFFFD2
:10E21000FFFFFFFF14A50000000000000000000049
:10E2200000000000000000002C63FFFFFFFFFFFF65
:10E23000FFFFFFFFFFFFFFFF0000000000000000E6
:10E2400000000000000000000000000000000000CE
:10E2500000000000000000000000000000000000BE
:10E2600000000000000000000000000000000000AE
:10E27000000000000000000000003084FFFFFFFFEE
:10E28000FFFFFFFFFFFFFFFFFFFFFFFFF7BD14A52D
:10E290005DEFBEF7FFFFFFFFFFFFFFFFFFFFFFFF89
:10E2A000FFFFFFFFF7BDF7BDF7BD00000000000056
:10E2B0000000F7BDFFFFFFFFFFFFFFFFFFFFBAD624
:10E2C0000000000000002C63FFFFFFFFFFFFFFFFC7
:10E2D000FFFFB29400000000000000000000E739DA
:10E2E0005DEFE7393084FFFFFFFFFFFFFFFFFFFF18
:10E2F000FFFFFFFFFFFFFFFF14A50000000000006D
:10E3000000000000AA52FFFFFFFFFFFFFFFFFFFF1B
:10E31000FFFFFFFF14A50000000000000000000048
:10E3200000000000000000002C63FFFFFFFFFFFF64
:10E33000FFFFFFFFFFFFFFFF0000000000000000E5
:10E3400000000000000000000000000000000000CD
:10E3500000000000000000000000000000000000BD
:10E3600000000000000000000000000000000000AD
:10E3700000000000000000000000BAD6FFFFFFFF11
:10E38000FFFFFFFFFFFFFFFFFFFFFFFFAA52242158
:10E39000BEF7FFFFFFFFFFFFFFFFFFFFFFFFFFFFD6
:10E3A000FFFFBEF72421E739FFFFE7390000000037
:10E3B00000002C63FFFFFFFFFFFFFFFFFFFFBAD648
:10E3C0000000000000002C63FFFFFFFFFFFFFFFFC6
:10E3D000FFFFE7390000000000000000000000001F
:10E3E00014A559CE5DEFFFFFFFFFFFFFFFFFFFFF0B
:10E3F000FFFFFFFFFFFFBEF7242100000000000029
:10E400000000000000005DEFFFFFFFFFFFFFFFFFC8
:10E41000FFFFFFFF14A50000000000000000000047
:10E4200000000000000000002C63FFFFFFFFFFFF63
:10E43000FFFFFFFFFFFFFFFF0000000000000000E4
:10E4400000000000000000000000000000000000CC
:10E4500000000000000000000000000000000000BC
:10E4600000000000000000000000000000000000AC
:10E470000000000000000000E739FFFFFFFFFFFF82
:10E48000FFFFFFFFFFFFFFFFFFFFBAD60000000006
:10E490003084FFFFFFFFFFFFFFFFFFFFFFFFFFFFD6
:10E4A000FFFF14A50000000059CE14A500000000D5
:10E4B00000000000BAD6FFFFFFFFFFFFFFFFBAD644
:10E4C0000000000000002C63FFFFFFFFFFFFFFFFC5
:10E4D00096B50000000000000000000000000000F1
:10E4E00024215DEFFFFFFFFFFFFFFFFFFFFFFFFFA7
:10E4F000FFFFFFFFFFFF308400000000000000006E
:10E50000000000000000CF7BFFFFFFFFFFFFFFFFC9
:10E51000FFFFFFFF14A50000000000000000000046
:10E520002421F7BD000000002C63FFFFFFFFFFFF69
:10E53000FFFFFFFFFFFFFFFF0000000000000000E3
:10E5400000000000000000000000000000000000CB
:10E5500000000000000000000000000000000000BB
:10E5600000000000000000000000000000000000AB
:10E57000000000000000000096B5FFFFFFFFFFFF56
:10E58000FFFFFFFFFFFFFFFFFFFF308400000000E1
:10E5900000005DEFFFFFFFFFFFFFFFFFFFFFFFFF3B
:10E5A0005DEF2421000000002C63BEF72421000051
:10E5B00000000000E739BEF7FFFFFFFFFFFFBAD6FC
:10E5C0000000000000002C63FFFFFFFFFFFFFBDEE9
:10E5D00024210000000000000000000000000000F6
:10E5E0000000CF7BFFFFFFFFFFFFFFFFFFFFFFFFED
:10E5F000FFFFFFFF5DEF00000000000000000000D3
:10E600000000000000000000F7BDFFFFFFFFFFFF5C
:10E61000FFFFFFFF14A50000000000000000000045
:10E62000F7BDBAD6000000002C63FFFFFFFFFFFF1D
:10E63000FFFFFFFFFFFFFFFF0000000000000000E2
:10E6400000000000000000000000000000000000CA
:10E6500000000000000000000000000000000000BA
:10E6600000000000000000000000000000000000AA
:10E670000000000000002421BEF7FFFFFFFFFFFFA6
:10E68000FFFFFFFFFFFFFFFFBEF7000000000000DD
:10E6900000002C63FFFFFFFFFFFFFFFFFFFFFFFFF7
:10E6A000308400000000000000005DEF30840000B6
:10E6B000000000000000AA525DEFFFFFFFFF5DEFCA
:10E6C000000000000000CF7BFFFFFFFFFBDE2421E6
:10E6D000000000000000000000000000000000003A
:10E6E00000000000BAD6FFFFFFFFFFFFFFFFFFFFA4
:10E6F000FFFFFFFF2C63000000000000000000008F
:10E700000000000000000000000096B5FFFFFFFFC2
:10E71000FFFFFFFF96B50000000000002C63BAD693
:10E72000FBDE2421000000002C63FFFFFFFFFFFF42
:10E73000FFFFFFFFFFFFFFFF0000000000000000E1
:10E7400000000000000000000000000000000000C9
:10E7500000000000000000000000000000000000B9
:10E7600000000000000000000000000000000000A9
:10E770000000000000003084FFFFFFFFFFFFFFFFED
:10E78000FFFFFFFFFFFFFFFF14A5000000000000D8
:10E7900000000000BAD6FFFFFFFFFFFFFFFF5DEFA5
:10E7A00000000000000000000000B2945DEF0000D7
:10E7B0000000000000000000242114A5BEF7FFFFA8
:10E7C000BAD614A596B5BEF75DEF14A500000000FB
:10E7D0000000000000000000000000000000000039
:10E7E00000000000E739FFFFFFFFFFFFFFFFFFFF13
:10E7F000FFFFBAD60000000000000000000000008B
:10E800000000000000000000000000002C63BAD6E9
:10E81000FFFFFFFFBEF796B514A5FBDE5DEF14A565
:10E8200000000000CF7BBAD6FBDEFFFFFFFFFFFF3B
:10E83000FFFFFFFFFFFFFFFFBAD6BAD6BAD6AA5234
:10E8400000000000000000000000000000000000C8
:10E8500000000000000000000000000000000000B8
:10E8600000000000000000000000000000000000A8
:10E870000000000000005DEFFFFFFFFFFFFFFFFF54
:10E88000FFFFFFFFFFFFFFFFE73900000000000070
:10E89000000000002C63FFFFFFFFFFFFFFFF2C6362
:10E8A000000000000000000000002421BEF73084BA
:10E8B00000000000000000000000000000002C63C9
:10E8C00014A514A514A52C6300000000000000008E
:10E8D0000000000000000000000000000000000038
:10E8E00000000000000014A5FFFFFFFFFFFFFFFF77
:10E8F000FFFFAA520000000000000000000000001E
:10E900000000000000000000000000000000000007
:10E91000E739308414A514A5B2942C6300000000DC
:10E9200000000000E7392C63B294FFFFFFFFFFFFF8
:10E93000FFFFFFFFFFFFFBDE2C632C632C63242112
:10E9400000000000000000000000000000000000C7
:10E9500000000000000000000000000000000000B7
:10E9600000000000000000000000000000000000A7
:10E97000000000002C63FFFFFFFFFFFFFFFFFFFF12
:10E98000FFFFFFFFFFFF59CE000000000000000066
:10E99000000000000000F7BDFFFFFFFFBAD6000037
:10E9A000000000000000000000000000F7BDBAD623
:10E9B0000000000000000000000000000000000057
:10E9C0000000000000000000000000000000000047
:10E9D0000000000000000000000000000000000037
:10E9E0000000000000002421BEF7FFFFFFFFFFFF33
:10E9F000F7BD000000000000000000000000000063
:10EA00000000000000000000000000000000000006
:10EA100000000000000000000000000000000000F6
:10EA200000000000000000002C63FFFFFFFFFFFF5D
:10EA3000FFFFFFFFFFFFFBDE000000000000000003
:10EA400000000000000000000000000000000000C6
:10EA500000000000000000000000000000000000B6
:10EA600000000000000000000000000000000000A6
:10EA70000000000059CEFFFFFFFFFFFFFFFFFFFF79
:10EA8000FFFFFFFFFFFF30840000000000000000D8
:10EA9000000000000000E739FFFFFFFF2C630000CB
:10EAA000000000000000000000000000AA52FFFF6C
:10EAB0002C630000000000000000000000000000C7
:10EAC0000000000000000000000000000000000046
:10EAD0000000000000000000000000000000000036
:10EAE00000000000000000003084FFFFFFFFBEF7C1
:10EAF00024210000000000000000000000000000D1
:10EB00000000000000000000000000000000000005
:10EB100000000000000000000000000000000000F5
:10EB200000000000000000000000AA52F7BDBEF780
:10EB3000FFFFFFFFFFFFFFFF0000000000000000DD
:10EB400000000000000000000000000000000000C5
:10EB500000000000000000000000000000000000B5
:10EB600000000000000000000000000000000000A5
:10EB70000000E739FFFFFFFFFFFFFFFFFFFFFFFF81
:10EB8000FFFFFFFFBEF700000000000000000000D4
:10EB9000000000000000000096B5BAD6000000009A
:10EBA0000000000000000000000000000000FBDE8C
:10EBB000F7BD0000000000000000000000000000A1
:10EBC0000000000000000000000000000000000045
:10EBD0000000000000000000000000000000000035
:10EBE00000000000000000000000BAD6FFFF14A5DE
:10EBF0000000000000000000000000000000000015
:10EC00000000000000000000000000000000000004
:10EC100000000000000000000000000000000000F4
:10EC2000000000000000000000000000000024219F
:10EC300014A5BEF7FFFFFFFF00000000000000006A
:10EC400000000000000000000000000000000000C4
:10EC500000000000000000000000000000000000B4
:10EC600000000000000000000000000000000000A4
:10EC70000000E7392C632C632C632C632C632C631A
:10EC80002C632C63AA52000000000000000000006A
:10EC9000000000000000000024212C6300000000A0
:10ECA0000000000000000000000000000000E73944
:10ECB000E739000000000000000000000000000034
:10ECC0000000000000000000000000000000000044
:10ECD0000000000000000000000000000000000034
:10ECE000000000000000000000002C635DEF242104
:10ECF0000000000000000000000000000000000014
:10ED00000000000000000000000000000000000003
:10ED100000000000000000000000000000000000F3
:10ED200000000000000000000000000000000000E3
:10ED30000000242114A5BEF7000000000000000020
:10ED400000000000000000000000000000000000C3
:10ED500000000000000000000000000000000000B3
:10ED600000000000000000000000000000000000A3
:10ED70000000000000000000000000000000000093
:10ED80000000000000000000000000000000000083
:10ED90000000000000000000000000000000000073
:10EDA0000000000000000000000000000000000063
:10EDB0000000000000000000000000000000000053
:10EDC0000000000000000000000000000000000043
:10EDD0000000000000000000000000000000000033
:10EDE000000000000000000000000000E739000003
:10EDF0000000000000000000000000000000000013
:10EE00000000000000000000000000000000000002
:10EE100000000000000000000000000000000000F2
:10EE200000000000000000000000000000000000E2
:10EE3000000000000000E7390000000000000000B2
:10EE400000000000000000000000000000000000C2
:10EE500000000000000000000000000000000000B2
:10EE600000000000000000000000000000000000A2
:10EE70000000000000000000000000000000000092
:10EE80000000000000000000000000000000000082
:10EE90000000000000000000000000000000000072
:10EEA0000000000000000000000000000000000062
:10EEB0000000000000000000000000000000000052
:10EEC0000000000000000000000000000000000042
:10EED0000000000000000000000000000000000032
:10EEE0000000000000000000000000000000000022
:10EEF0000000000000000000000000000000000012
:10EF00000000000000000000000000000000000001
:10EF100000000000000000000000000000000000F1
:10EF200000000000000000000000000000000000E1
:10EF300000000000000000000000000000000000D1
:10EF400000000000000000000000000000000000C1
:10EF500000000000000000000000000000000000B1
:10EF600000000000000000000000000000000000A1
:10EF70000000000000000000000000000000000091
:10EF80000000000000000000000000000000000081
:10EF90000000000000000000000000000000000071
:10EFA0000000000000000000000000000000000061
:10EFB0000000000000000000000000000000000051
:10EFC0000000000000000000000000000000000041
:10EFD0000000000000000000000000000000000031
:10EFE0000000000000000000000000000000000021
:10EFF0000000000000000000000000000000000011
:10F000000000000000000000000000000000000000
:10F0100000000000000000000000000000000000F0
:10F0200000000000000000000000000000000000E0
:10F0300000000000000000000000000000000000D0
:10F0400000000000000000000000000000000000C0
:10F0500000000000000000000000000000000000B0
:10F0600000000000000000000000000000000000A0
:10F070000000000000000000000000000000000090
:10F080000000000000000000000000000000000080
:10F090000000000000000000000000000000000070
:10F0A0000000000000000000000000000000000060
:10F0B0000000000000000000000000000000000050
:10F0C0000000000000000000000000000000000040
:10F0D0000000000000000000000000000000000030
:10F0E0000000000000000000000000000000000020
:10F0F0000000000000000000000000000000000010
:10F1000000000000000000000000000000000000FF
:10F1100000000000000000000000000000000000EF
:10F1200000000000000000000000000000000000DF
:10F1300000000000000000000000000000000000CF
:10F1400000000000000000000000000000000000BF
:10F1500000000000000000000000000000000000AF
:10F16000000000000000000000000000000000009F
:10F17000000000000000000000000000000000008F
:10F18000000000000000000000000000000000007F
:10F19000000000000000000000000000000000006F
:10F1A000000000000000000000000000000000005F
:10F1B000000000000000000000000000000000004F
:10F1C000000000000000000000000000000000003F
:10F1D000000000000000000000000000000000002F
:10F1E000000000000000000000000000000000001F
:10F1F000000000000000000000000000000000000F
:10F2000000000000000000000000000000000000FE
:10F2100000000000000000000000000000000000EE
:10F2200000000000000000000000000000000000DE
:10F2300000000000000000000000000000000000CE
:10F2400000000000000000000000000000000000BE
:10F2500000000000000000000000000000000000AE
:10F26000000000000000000000000000000000009E
:10F27000000000000000000000000000000000008E
:10F28000000000000000000000000000000000007E
:10F29000000000000000000000000000000000006E
:10F2A000000000000000000000000000000000005E
:10F2B000000000000000000000000000000000004E
:10F2C000000000000000000000000000000000003E
:10F2D000000000000000000000000000000000002E
:10F2E000000000000000000000000000000000001E
:10F2F000000000000000000000000000000000000E
:10F3000000000000000000000000000000000000FD
:10F3100000000000000000000000000000000000ED
:10F3200000000000000000000000000000000000DD
:10F3300000000000000000000000000000000000CD
:10F3400000000000000000000000000000000000BD
:10F3500000000000000000000000000000000000AD
:10F36000000000000000000000000000000000009D
:10F37000000000000000000000000000000000008D
:10F38000000000000000000000000000000000007D
:10F39000000000000000000000000000000000006D
:10F3A000000000000000000000000000000000005D
:10F3B000000000000000000000000000000000004D
:10F3C000000000000000000000000000000000003D
:10F3D000000000000000000000000000000000002D
:10F3E000000000000000000000000000000000001D
:10F3F000000000000000000000000000000000000D
:10F4000000000000000000000000000000000000FC
:10F4100000000000000000000000000000000000EC
:10F4200000000000000000000000000000000000DC
:10F4300000000000000000000000000000000000CC
:10F4400000000000000000000000000000000000BC
:10F4500000000000000000000000000000000000AC
:10F46000000000000000000000000000000000009C
:10F47000000000000000000000000000000000008C
:10F48000000000000000000000000000000000007C
:10F49000000000000000000000000000000000006C
:10F4A000000000000000000000000000000000005C
:10F4B000000000000000000000000000000000004C
:10F4C000000000000000000000000000000000003C
:10F4D000000000000000000000000000000000002C
:10F4E000000000000000000000000000000000001C
:10F4F000000000000000000000000000000000000C
:10F5000000000000000000000000000000000000FB
:10F5100000000000000000000000000000000000EB
:10F5200000000000000000000000000000000000DB
:10F5300000000000000000000000000000000000CB
:10F5400000000000000000000000000000000000BB
:10F5500000000000000000000000000000000000AB
:10F56000000000000000000000000000000000009B
:10F57000000000000000000000000000000000008B
:10F58000000000000000000000000000000000007B
:10F59000000000000000000000000000000000006B
:10F5A000000000000000000000000000000000005B
:10F5B000000000000000000000000000000000004B
:10F5C000000000000000000000000000000000003B
:10F5D000000000000000000000000000000000002B
:10F5E000000000000000000000000000000000001B
:10F5F000000000000000000000000000000000000B
:10F6000000000000000000000000000000000000FA
:10F6100000000000000000000000000000000000EA
:10F6200000000000000000000000000000000000DA
:10F6300000000000000000000000000000000000CA
:10F6400000000000000000000000000000000000BA
:10F6500000000000000000000000000000000000AA
:10F66000000000000000000000000000000000009A
:10F67000000000000000000000000000000000008A
:10F68000000000000000000000000000000000007A
:10F69000000000000000000000000000000000006A
:10F6A000000000000000000000000000000000005A
:10F6B000000000000000000000000000000000004A
:10F6C000000000000000000000000000000000003A
:10F6D000000000000000000000000000000000002A
:10F6E000000000000000000000000000000000001A
:10F6F000000000000000000000000000000000000A
:10F7000000000000000000000000000000000000F9
:10F7100000000000000000000000000000000000E9
:10F7200000000000000000000000000000000000D9
:10F7300000000000000000000000000000000000C9
:10F7400000000000000000000000000000000000B9
:10F7500000000000000000000000000000000000A9
:10F760000000000000000000000000000000000099
:10F770000000000000000000000000000000000089
:10F780000000000000000000000000000000000079
:10F790000000000000000000000000000000000069
:10F7A0000000000000000000000000000000000059
:10F7B0000000000000000000000000000000000049
:10F7C0000000000000000000000000000000000039
:10F7D0000000000000000000000000000000000029
:10F7E0000000000000000000000000000000000019
:10F7F0000000000000000000000000000000000009
:10F8000000000000000000000000000000000000F8
:10F8100000000000000000000000000000000000E8
:10F8200000000000000000000000000000000000D8
:10F8300000000000000000000000000000000000C8
:10F8400000000000000000000000000000000000B8
:10F8500000000000000000000000000000000000A8
:10F860000000000000000000000000000000000098
:10F870000000000000000000000000000000000088
:10F880000000000000000000000000000000000078
:10F890000000000000000000000000000000000068
:10F8A0000000000000000000000000000000000058
:10F8B0000000000000000000000000000000000048
:10F8C0000000000000000000000000000000000038
:10F8D0000000000000000000000000000000000028
:10F8E0000000000000000000000000000000000018
:10F8F0000000000000000000000000000000000008
:10F9000000000000000000000000000000000000F7
:10F9100000000000000000000000000000000000E7
:10F9200000000000000000000000000000000000D7
:10F9300000000000000000000000000000000000C7
:10F9400000000000000000000000000000000000B7
:10F9500000000000000000000000000000000000A7
:10F960000000000000000000000000000000000097
:10F970000000000000000000000000000000000087
:10F980000000000000000000000000000000000077
:10F990000000000000000000000000000000000067
:10F9A0000000000000000000000000000000000057
:10F9B0000000000000000000000000000000000047
:10F9C0000000000000000000000000000000000037
:10F9D0000000000000000000000000000000000027
:10F9E0000000000000000000000000000000000017
:10F9F0000000000000000000000000000000000007
:10FA000000000000000000000000000000000000F6
:10FA100000000000000000000000000000000000E6
:10FA200000000000000000000000000000000000D6
:10FA300000000000000000000000000000000000C6
:10FA400000000000000000000000000000000000B6
:10FA500000000000000000000000000000000000A6
:10FA60000000000000000000000000000000000096
:10FA70000000000000000000000000000000000086
:10FA80000000000000000000000000000000000076
:10FA90000000000000000000000000000000000066
:10FAA0000000000000000000000000000000000056
:10FAB0000000000000000000000000000000000046
:10FAC0000000000000000000000000000000000036
:10FAD0000000000000000000000000000000000026
:10FAE0000000000000000000000000000000000016
:10FAF0000000000000000000000000000000000006
:10FB000000000000000000000000000000000000F5
:10FB100000000000000000000000000000000000E5
:10FB200000000000000000000000000000000000D5
:10FB300000000000000000000000000000000000C5
:10FB400000000000000000000000000000000000B5
:10FB500000000000000000000000000000000000A5
:10FB60000000000000000000000000000000000095
:10FB70000000000000000000000000000000000085
:10FB80000000000000000000000000000000000075
:10FB90000000000000000000000000000000000065
:10FBA0000000000000000000000000000000000055
:10FBB0000000000000000000000000000000000045
:10FBC0000000000000000000000000000000000035
:10FBD0000000000000000000000000000000000025
:10FBE0000000000000000000000000000000000015
:10FBF0000000000000000000000000000000000005
:10FC000000000000000000000000000000000000F4
:10FC100000000000000000000000000000000000E4
:10FC200000000000000000000000000000000000D4
:10FC300000000000000000000000000000000000C4
:10FC400000000000000000000000000000000000B4
:10FC500000000000000000000000000000000000A4
:10FC60000000000000000000000000000000000094
:10FC70000000000000000000000000000000000084
:10FC80000000000000000000000000000000000074
:10FC90000000000000000000000000000000000064
:10FCA0000000000000000000000000000000000054
:10FCB0000000000000000000000000000000000044
:10FCC0000000000000000000000000000000000034
:10FCD0000000000000000000000000000000000024
:10FCE0000000000000000000000000000000000014
:10FCF0000000000000000000000000000000000004
:10FD000000000000000000000000000000000000F3
:10FD100000000000000000000000000000000000E3
:10FD200000000000000000000000000000000000D3
:10FD300000000000000000000000000000000000C3
:10FD400000000000000000000000000000000000B3
:10FD500000000000000000000000000000000000A3
:10FD60000000000000000000000000000000000093
:10FD70000000000000000000000000000000000083
:10FD80000000000000000000000000000000000073
:10FD90000000000000000000000000000000000063
:10FDA0000000000000000000000000000000000053
:10FDB0000000000000000000000000000000000043
:10FDC0000000000000000000000000000000000033
:10FDD0000000000000000000000000000000000023
:10FDE0000000000000000000000000000000000013
:10FDF0000000000000000000000000000000000003
:10FE000000000000000000000000000000000000F2
:10FE100000000000000000000000000000000000E2
:10FE200000000000000000000000000000000000D2
:10FE300000000000000000000000000000000000C2
:10FE400000000000000000000000000000000000B2
:10FE500000000000000000000000000000000000A2
:10FE60000000000000000000000000000000000092
:10FE70000000000000000000000000000000000082
:10FE80000000000000000000000000000000000072
:10FE90000000000000000000000000000000000062
:10FEA0000000000000000000000000000000000052
:10FEB0000000000000000000000000000000000042
:10FEC0000000000000000000000000000000000032
:10FED0000000000000000000000000000000000022
:10FEE0000000000000000000000000000000000012
:10FEF0000000000000000000000000000000000002
:10FF000000000000000000000000000000000000F1
:10FF100000000000000000000000000000000000E1
:10FF200000000000000000000000000000000000D1
:10FF300000000000000000000000000000000000C1
:10FF400000000000000000000000000000000000B1
:10FF500000000000000000000000000000000000A1
:10FF60000000000000000000000000000000000091
:10FF70000000000000000000000000000000000081
:10FF80000000000000000000000000000000000071
:10FF90000000000000000000000000000000000061
:10FFA0000000000000000000000000000000000051
:10FFB0000000000000000000000000000000000041
:10FFC0000000000000000000000000000000000031
:10FFD0000000000000000000000000000000000021
:10FFE0000000000000000000000000000000000011
:10FFF0000000000000000000000000000000000001
:020000040801F1
:1000000000000000000000000000000000000000F0
:1000100000000000000000000000000000000000E0
:1000200000000000000000000000000000000000D0
:1000300000000000000000000000000000000000C0
:1000400000000000000000000000000000000000B0
:1000500000000000000000000000000000000000A0
:100060000000000000000000000000000000000090
:100070000000000000000000000000000000000080
:100080000000000000000000000000000000000070
:100090000000000000000000000000000000000060
:1000A0000000000000000000000000000000000050
:1000B0000000000000000000000000000000000040
:1000C0000000000000000000000000000000000030
:1000D0000000000000000000000000000000000020
:1000E0000000000000000000000000000000000010
:1000F0000000000000000000000000000000000000
:1001000000000000000000000000000000000000EF
:1001100000000000000000000000000000000000DF
:1001200000000000000000000000000000000000CF
:1001300000000000000000000000000000000000BF
:1001400000000000000000000000000000000000AF
:10015000000000000000000000000000000000009F
:10016000000000000000000000000000000000008F
:10017000000000000000000000000000000000007F
:10018000000000000000000000000000000000006F
:10019000000000000000000000000000000000005F
:1001A000000000000000000000000000000000004F
:1001B000000000000000000000000000000000003F
:1001C000000000000000000000000000000000002F
:1001D000000000000000000000000000000000001F
:1001E000000000000000000000000000000000000F
:1001F00000000000000000000000000000000000FF
:1002000000000000000000000000000000000000EE
:1002100000000000000000000000000000000000DE
:1002200000000000000000000000000000000000CE
:1002300000000000000000000000000000000000BE
:1002400000000000000000000000000000000000AE
:10025000000000000000000000000000000000009E
:10026000000000000000000000000000000000008E
:10027000000000000000000000000000000000007E
:10028000000000000000000000000000000000006E
:10029000000000000000000000000000000000005E
:1002A000000000000000000000000000000000004E
:1002B000000000000000000000000000000000003E
:1002C000000000000000000000000000000000002E
:1002D000000000000000000000000000000000001E
:1002E000000000000000000000000000000000000E
:1002F00000000000000000000000000000000000FE
:1003000000000000000000000000000000000000ED
:1003100000000000000000000000000000000000DD
:1003200000000000000000000000000000000000CD
:1003300000000000000000000000000000000000BD
:1003400000000000000000000000000000000000AD
:10035000000000000000000000000000000000009D
:10036000000000000000000000000000000000008D
:10037000000000000000000000000000000000007D
:10038000000000000000000000000000000000006D
:10039000000000000000000000000000000000005D
:1003A000000000000000000000000000000000004D
:1003B000000000000000000000000000000000003D
:1003C000000000000000000000000000000000002D
:1003D000000000000000000000000000000000001D
:1003E000000000000000000000000000000000000D
:1003F00000000000000000000000000000000000FD
:1004000000000000000000000000000000000000EC
:1004100000000000000000000000000000000000DC
:1004200000000000000000000000000000000000CC
:1004300000000000000000000000000000000000BC
:1004400000000000000000000000000000000000AC
:10045000000000000000000000000000000000009C
:10046000000000000000000000000000000000008C
:10047000000000000000000000000000000000007C
:10048000000000000000000000000000000000006C
:10049000000000000000000000000000000000005C
:1004A000000000000000000000000000000000004C
:1004B000000000000000000000000000000000003C
:1004C000000000000000000000000000000000002C
:1004D000000000000000000000000000000000001C
:1004E000000000000000000000000000000000000C
:1004F00000000000000000000000000000000000FC
:1005000000000000000000000000000000000000EB
:1005100000000000000000000000000000000000DB
:1005200000000000000000000000000000000000CB
:1005300000000000000000000000000000000000BB
:1005400000000000000000000000000000000000AB
:10055000000000000000000000000000000000009B
:10056000000000000000000000000000000000008B
:10057000000000000000000000000000000000007B
:10058000000000000000000000000000000000006B
:10059000000000000000000000000000000000005B
:1005A000000000000000000000000000000000004B
:1005B000000000000000000000000000000000003B
:1005C000000000000000000000000000000000002B
:1005D000000000000000000000000000000000001B
:1005E000000000000000000000000000000000000B
:1005F00000000000000000000000000000000000FB
:1006000000000000000000000000000000000000EA
:1006100000000000000000000000000000000000DA
:1006200000000000000000000000000000000000CA
:1006300000000000000000000000000000000000BA
:1006400000000000000000000000000000000000AA
:10065000000000000000000000000000000000009A
:100660000000000000000000000000F800F800F8A2
:1006700000F800F800F800F800F800F800F800F8BA
:1006800000F800F800F800F800F800F800F80000A2
:10069000000000000000E007E007E007E007E007D7
:1006A000E007E007E007E007E007E007E007E00712
:1006B000E007E007E007E007E007000000000000B7
:1006C00000001F001F001F001F001F001F001F0051
:1006D0001F001F001F001F001F001F001F001F0022
:1006E0001F001F001F0000000000000000000000AD
:1006F00000000000000000000000000000000000FA
:1007000000000000000000000000000000000000E9
:1007100000000000000000000000000000000000D9
:1007200000000000000000000000000000000000C9
:1007300000000000000000000000000000000000B9
:1007400000000000000000000000000000000000A9
:100750000000000000000000000000000000000099
:100760000000000000000000000000F800F800F8A1
:1007700000F800F800F800F800F800F800F800F8B9
:1007800000F800F800F800F800F800F800F80000A1
:10079000000000000000E007E007E007E007E007D6
:1007A000E007E007E007E007E007E007E007E00711
:1007B000E007E007E007E007E007000000000000B6
:1007C00000001F001F001F001F001F001F001F0050
:1007D0001F001F001F001F001F001F001F001F0021
:1007E0001F001F001F0000000000000000000000AC
:1007F00000000000000000000000000000000000F9
:1008000000000000000000000000000000000000E8
:1008100000000000000000000000000000000000D8
:1008200000000000000000000000000000000000C8
:1008300000000000000000000000000000000000B8
:1008400000000000000000000000000000000000A8
:100850000000000000000000000000000000000098
:100860000000000000000000000000F800F800F8A0
:1008700000F800F800F800F800F800F800F800F8B8
:1008800000F800F800F800F800F800F800F80000A0
:10089000000000000000E007E007E007E007E007D5
:1008A000E007E007E007E007E007E007E007E00710
:1008B000E007E007E007E007E007000000000000B5
:1008C00000001F001F001F001F001F001F001F004F
:1008D0001F001F001F001F001F001F001F001F0020
:1008E0001F001F001F0000000000000000000000AB
:1008F00000000000000000000000000000000000F8
:1009000000000000000000000000000000000000E7
:1009100000000000000000000000000000000000D7
:1009200000000000000000000000000000000000C7
:1009300000000000000000000000000000000000B7
:1009400000000000000000000000000000000000A7
:100950000000000000000000000000000000000097
:100960000000000000000000000000F800F800F89F
:1009700000F800F800F800F800F800F800F800F8B7
:1009800000F800F800F800F800F800F800F800009F
:10099000000000000000E007E007E007E007E007D4
:1009A000E007E007E007E007E007E007E007E0070F
:1009B000E007E007E007E007E007000000000000B4
:1009C00000001F001F001F001F001F001F001F004E
:1009D0001F001F001F001F001F001F001F001F001F
:1009E0001F001F001F0000000000000000000000AA
:1009F00000000000000000000000000000000000F7
:100A000000000000000000000000000000000000E6
:100A100000000000000000000000000000000000D6
:100A200000000000000000000000000000000000C6
:100A300000000000000000000000000000000000B6
:100A400000000000000000000000000000000000A6
:100A50000000000000000000000000000000000096
:100A60000000000000000000000000F800F800F89E
:100A700000F800F800F800F800F800F800F800F8B6
:100A800000F800F800F800F800F800F800F800009E
:100A9000000000000000E007E007E007E007E007D3
:100AA000E007E007E007E007E007E007E007E0070E
:100AB000E007E007E007E007E007000000000000B3
:100AC00000001F001F001F001F001F001F001F004D
:100AD0001F001F001F001F001F001F001F001F001E
:100AE0001F001F001F0000000000000000000000A9
:100AF00000000000000000000000000000000000F6
:100B000000000000000000000000000000000000E5
:100B100000000000000000000000000000000000D5
:100B200000000000000000000000000000000000C5
:100B300000000000000000000000000000000000B5
:100B400000000000000000000000000000000000A5
:100B50000000000000000000000000000000000095
:100B60000000000000000000000000F800F800F89D
:100B700000F800F800F800F800F800F800F800F8B5
:100B800000F800F800F800F800F800F800F800009D
:100B9000000000000000E007E007E007E007E007D2
:100BA000E007E007E007E007E007E007E007E0070D
:100BB000E007E007E007E007E007000000000000B2
:100BC00000001F001F001F001F001F001F001F004C
:100BD0001F001F001F001F001F001F001F001F001D
:100BE0001F001F001F0000000000000000000000A8
:100BF00000000000000000000000000000000000F5
:100C000000000000000000000000000000000000E4
:100C100000000000000000000000000000000000D4
:100C200000000000000000000000000000000000C4
:100C300000000000000000000000000000000000B4
:100C400000000000000000000000000000000000A4
:100C50000000000000000000000000000000000094
:100C60000000000000000000000000F800F800F89C
:100C700000F800F800F800F800F800F800F800F8B4
:100C800000F800F800F800F800F800F800F800009C
:100C9000000000000000E007E007E007E007E007D1
:100CA000E007E007E007E007E007E007E007E0070C
:100CB000E007E007E007E007E007000000000000B1
:100CC00000001F001F001F001F001F001F001F004B
:100CD0001F001F001F001F001F001F001F001F001C
:100CE0001F001F001F0000000000000000000000A7
:100CF00000000000000000000000000000000000F4
:100D000000000000000000000000000000000000E3
:100D100000000000000000000000000000000000D3
:100D200000000000000000000000000000000000C3
:100D300000000000000000000000000000000000B3
:100D400000000000000000000000000000000000A3
:100D50000000000000000000000000000000000093
:100D60000000000000000000000000000000000083
:100D70000000000000000000000000000000000073
:100D80000000000000000000000000000000000063
:100D90000000000000000000000000000000000053
:100DA0000000000000000000000000000000000043
:100DB0000000000000000000000000000000000033
:100DC0000000000000000000000000000000000023
:100DD0000000000000000000000000000000000013
:100DE0000000000000000000000000000000000003
:100DF00000000000000000000000000000000000F3
:100E000000000000000000000000000000000000E2
:100E100000000000000000000000000000000000D2
:100E200000000000000000000000000000000000C2
:100E300000000000000000000000000000000000B2
:100E400000000000000000000000000000000000A2
:100E50000000000000000000000000000000000092
:100E60000000000000000000000000000000000082
:100E70000000000000000000000000000000000072
:100E80000000000000000000000000000000000062
:100E90000000000000000000000000000000000052
:100EA0000000000000000000000000000000000042
:100EB0000000000000000000000000000000000032
:100EC0000000000000000000000000000000000022
:100ED0000000000000000000000000000000000012
:100EE0000000000000000000000000000000000002
:100EF00000000000000000000000000000000000F2
:100F000000000000000000000000000000000000E1
:100F100000000000000000000000000000000000D1
:100F200000000000000000000000000000000000C1
:100F300000000000000000000000000000000000B1
:100F400000000000000000000000000000000000A1
:100F50000000000000000000000000000000000091
:100F60000000000000000000000000000000000081
:100F70000000000000000000000000000000000071
:100F80000000000000000000000000000000000061
:100F90000000000000000000000000000000000051
:100FA0000000000000000000000000000000000041
:100FB0000000000000000000000000000000000031
:100FC0000000000000000000000000000000000021
:100FD0000000000000000000000000000000000011
:100FE0000000000000000000000000000000000001
:100FF00000000000000000000000000000000000F1
:1010000000000000000000000000000000000000E0
:1010100000000000000000000000000000000000D0
:1010200000000000000000000000000000000000C0
:1010300000000000000000000000000000000000B0
:1010400000000000000000000000000000000000A0
:101050000000000000000000000000000000000090
:101060000000000000000000000000000000000080
:101070000000000000000000000000000000000070
:101080000000000000000000000000000000000060
:101090000000000000000000000000000000000050
:1010A0000000000000000000000000000000000040
:1010B0000000000000000000000000000000000030
:1010C0000000000000000000000000000000000020
:1010D0000000000000000000000000000000000010
:1010E0000000000000000000000000000000000000
:1010F00000000000000000000000000000000000F0
:1011000000000000000000000000000000000000DF
:1011100000000000000000000000000000000000CF
:1011200000000000000000000000000000000000BF
:1011300000000000000000000000000000000000AF
:10114000000000000000000000000000000000009F
:10115000000000000000000000000000000000008F
:10116000000000000000000000000000000000007F
:10117000000000000000000000000000000000006F
:10118000000000000000000000000000000000005F
:10119000000000000000000000000000000000004F
:1011A000000000000000000000000000000000003F
:1011B000000000000000000000000000000000002F
:1011C000000000000000000000000000000000001F
:1011D000000000000000000000000000000000000F
:1011E00000000000000000000000000000000000FF
:1011F00000000000000000000000000000000000EF
:1012000000000000000000000000000000000000DE
:1012100000000000000000000000000000000000CE
:1012200000000000000000000000000000000000BE
:1012300000000000000000000000000000000000AE
:10124000000000000000000000000000000000009E
:10125000000000000000000000000000000000008E
:1012600000000000000000008812010800000024B7
:10127000C80000001857000850130108C8000024D7
:10128000900C00002857000800000000000000003B
:10129000000000000000000000000000000000004E
:1012A0000100000010000000000000000090D003CA
:1012B0000090D003F7480008A5440008A94D000895
:1012C0002D450008A9440008734E00084F48000847
:1012D0005D50000855480008794E0008B1450008E7
:1012E00091470008ED4600084947000815480008E6
:1012F00065480008FD500008BD480008CD480008BA
:1013000040000000C000000080000000000000005D
:101310002000000060000000E0000000A0000000CD
:10132000FFFF000000000000F95B00080000000063
:10133000000000000D5D00080D5C0008C55C0008A1
:10134000795C0008F55B0008000000000000000068
:040000050800029954
:00000001FF
